Workbook

Sheet Summery
A2: GLASSWARES ARC PROPOSAL 2024-25 | F2: 45390
A3: Sr No. | C3: Tentative Purchase | D3: Tentative saving | E3: Tentative Saving % | F3: Remark
A4: 1 | B4: Tharmo | C4: =Sheet1!AB182 -> 9089278.6 | D4: =Sheet1!V182 -> 4146369.4 | E4: =D4/C4 -> 0.45618246
A5: 2 | B5: J-SIL | C5: =Sheet1!AC182 -> 7603604.5 | D5: =Sheet1!X182 -> 5632043.5 | E5: =D5/C5 -> 0.74070707
A6: 3 | B6: Dodal | C6: =Sheet1!Z182 -> 13235648 | D6: 500000 | E6: =D6/C6 -> 0.037776768

Sheet Sheet1
E1: Santosh enterprises-Quoted rate 2024-25 | I1: Global Pharma Solution -Quoted rate -2024-25 | M1: J-SIL vs Thermo | N1: Dodal Enterprises- Quoted rate 2023-24 | R1: J-SIL vs Borosil | AA1: Turnover considering make on the basis of last year consumption (2023-24)
A2: Sr No. | B2: Cat No. | C2: Item Name | D2: Unit Qty. | E2: Unit price | F2: Discount % | G2: Disc. Inr | H2: Final net rate | I2: Unit price | J2: Discount % | K2: Disc. Inr | L2: Final net rate | M2: Saving in % | N2: Unit price | O2: Discount % | P2: Disc. Inr | Q2: Final net rate | R2: Saving in % | S2: Minium Rate | T2: Vendor Name | U2: RatD VaraincD ThDrmo | V2: Saving form Tharmao | W2: RatD VaraincD J-Sil | X2: Saving form J-SIL | Z2: Dodal- 23-24 | AA2: Dodal- 24-25 | AB2: Tharmo-24-25 | AC2: J-SIL-24-25
A3: 1 | B3: 5647005D | C3: VOLUMETRIC FLASK A CLASS CLEAR USP 5ML | D3: 100 | E3: 510 | F3: 0.35 | G3: =E3*F3 -> 178.5 | H3: =E3-G3 -> 331.5 | I3: 1084 | J3: 0.53 | K3: =I3*J3 -> 574.52 | L3: =I3-K3 -> 509.48 | M3: =(L3-H3)*100/L3 -> 34.933658 | N3: 1070 | O3: 0.36 | P3: =N3*O3 -> 385.2 | Q3: =N3-P3 -> 684.8 | R3: =(Q3-H3)*100/Q3 -> 51.591706 | S3: =MIN(H3,L3,Q3) -> 331.5 | T3: Santosh Enterprises | U3: =Q3-L3 -> 175.32 | V3: =U3*D3 -> 17532 | W3: =Q3-H3 -> 353.3 | X3: =W3*D3 -> 35330 | Z3: =Q3*D3 -> 68480 | AA3: 64200 | AB3: =L3*D3 -> 50948 | AC3: =H3*D3 -> 33150
A4: 2 | B4: 5655005 | C4: VOLUMETRIC FLASK A CLASS AMBER USP 5ML | D4: 100 | E4: 770 | F4: 0.35 | G4: =E4*F4 -> 269.5 | H4: =E4-G4 -> 500.5 | I4: 1326 | J4: 0.53 | K4: =I4*J4 -> 702.78 | L4: =I4-K4 -> 623.22 | M4: =(L4-H4)*100/L4 -> 19.691281 | N4: 1340 | O4: 0.36 | P4: =N4*O4 -> 482.4 | Q4: =N4-P4 -> 857.6 | R4: =(Q4-H4)*100/Q4 -> 41.639459 | S4: =MIN(H4,L4,Q4) -> 500.5 | T4: Santosh Enterprises | U4: =Q4-L4 -> 234.38 | V4: =U4*D4 -> 23438 | W4: =Q4-H4 -> 357.1 | X4: =W4*D4 -> 35710 | Z4: =Q4*D4 -> 85760 | AA4: 80400 | AB4: =L4*D4 -> 62322 | AC4: =H4*D4 -> 50050
A5: 3 | B5: 5647006D | C5: VOLUMETRIC FLASK A CLASS CLEAR USP 10ML | D5: 1000 | E5: 510 | F5: 0.35 | G5: =E5*F5 -> 178.5 | H5: =E5-G5 -> 331.5 | I5: 937.5 | J5: 0.53 | K5: =I5*J5 -> 496.875 | L5: =I5-K5 -> 440.625 | M5: =(L5-H5)*100/L5 -> 24.765957 | N5: 925 | O5: 0.36 | P5: =N5*O5 -> 333 | Q5: =N5-P5 -> 592 | R5: =(Q5-H5)*100/Q5 -> 44.003378 | S5: =MIN(H5,L5,Q5) -> 331.5 | T5: Santosh Enterprises | U5: =Q5-L5 -> 151.375 | V5: =U5*D5 -> 151375 | W5: =Q5-H5 -> 260.5 | X5: =W5*D5 -> 260500 | Z5: =Q5*D5 -> 592000 | AA5: 555000 | AB5: =L5*D5 -> 440625 | AC5: =H5*D5 -> 331500
A6: 4 | B6: 5655006 | C6: VOLUMETRIC FLASK A CLASS AMBER USP 10ML | D6: 500 | E6: 770 | F6: 0.35 | G6: =E6*F6 -> 269.5 | H6: =E6-G6 -> 500.5 | I6: 1131.5 | J6: 0.53 | K6: =I6*J6 -> 599.695 | L6: =I6-K6 -> 531.805 | M6: =(L6-H6)*100/L6 -> 5.8865562 | N6: 1175 | O6: 0.36 | P6: =N6*O6 -> 423 | Q6: =N6-P6 -> 752 | R6: =(Q6-H6)*100/Q6 -> 33.444149 | S6: =MIN(H6,L6,Q6) -> 500.5 | T6: Global Pharma | U6: =Q6-L6 -> 220.195 | V6: =U6*D6 -> 110097.5 | W6: =Q6-H6 -> 251.5 | X6: =W6*D6 -> 125750 | Z6: =Q6*D6 -> 376000 | AA6: 352500 | AB6: =L6*D6 -> 265902.5 | AC6: =H6*D6 -> 250250
A7: 5 | B7: 5647008D | C7: VOLUMETRIC FLASK A CLASS CLEAR USP 20ML | D7: 500 | E7: 550 | F7: 0.35 | G7: =E7*F7 -> 192.5 | H7: =E7-G7 -> 357.5 | I7: 942.5 | J7: 0.53 | K7: =I7*J7 -> 499.525 | L7: =I7-K7 -> 442.975 | M7: =(L7-H7)*100/L7 -> 19.295671 | N7: 925 | O7: 0.36 | P7: =N7*O7 -> 333 | Q7: =N7-P7 -> 592 | R7: =(Q7-H7)*100/Q7 -> 39.611486 | S7: =MIN(H7,L7,Q7) -> 357.5 | T7: Santosh Enterprises | U7: =Q7-L7 -> 149.025 | V7: =U7*D7 -> 74512.5 | W7: =Q7-H7 -> 234.5 | X7: =W7*D7 -> 117250 | Z7: =Q7*D7 -> 296000 | AA7: 277500 | AB7: =L7*D7 -> 221487.5 | AC7: =H7*D7 -> 178750
A8: 6 | B8: 5655008 | C8: VOLUMETRIC FLASK A CLASS AMBER USP 20ML | D8: 500 | E8: 750 | F8: 0.35 | G8: =E8*F8 -> 262.5 | H8: =E8-G8 -> 487.5 | I8: 1131.5 | J8: 0.53 | K8: =I8*J8 -> 599.695 | L8: =I8-K8 -> 531.805 | M8: =(L8-H8)*100/L8 -> 8.3310612 | N8: 1175 | O8: 0.36 | P8: =N8*O8 -> 423 | Q8: =N8-P8 -> 752 | R8: =(Q8-H8)*100/Q8 -> 35.172872 | S8: =MIN(H8,L8,Q8) -> 487.5 | T8: Santosh Enterprises | U8: =Q8-L8 -> 220.195 | V8: =U8*D8 -> 110097.5 | W8: =Q8-H8 -> 264.5 | X8: =W8*D8 -> 132250 | Z8: =Q8*D8 -> 376000 | AA8: 352500 | AB8: =L8*D8 -> 265902.5 | AC8: =H8*D8 -> 243750
A9: 7 | B9: 5647012D | C9: VOLUMETRIC FLASK A CLASS CLEAR USP 50ML | D9: 500 | E9: 540 | F9: 0.35 | G9: =E9*F9 -> 189 | H9: =E9-G9 -> 351 | I9: 826 | J9: 0.53 | K9: =I9*J9 -> 437.78 | L9: =I9-K9 -> 388.22 | M9: =(L9-H9)*100/L9 -> 9.5873474 | N9: 1000 | O9: 0.36 | P9: =N9*O9 -> 360 | Q9: =N9-P9 -> 640 | R9: =(Q9-H9)*100/Q9 -> 45.15625 | S9: =MIN(H9,L9,Q9) -> 351 | T9: Santosh Enterprises | U9: =Q9-L9 -> 251.78 | V9: =U9*D9 -> 125890 | W9: =Q9-H9 -> 289 | X9: =W9*D9 -> 144500 | Z9: =Q9*D9 -> 320000 | AA9: 300000 | AB9: =L9*D9 -> 194110 | AC9: =H9*D9 -> 175500
A10: 8 | B10: 5655012 | C10: VOLUMETRIC FLASK A CLASS AMBER USP 50ML | D10: 500 | E10: 740 | F10: 0.35 | G10: =E10*F10 -> 259 | H10: =E10-G10 -> 481 | I10: 1004.5 | J10: 0.53 | K10: =I10*J10 -> 532.385 | L10: =I10-K10 -> 472.115 | M10: =(L10-H10)*100/L10 -> -1.8819567 | N10: 1040 | O10: 0.36 | P10: =N10*O10 -> 374.4 | Q10: =N10-P10 -> 665.6 | R10: =(Q10-H10)*100/Q10 -> 27.734375 | S10: =MIN(H10,L10,Q10) -> 472.115 | T10: Global Pharma | U10: =Q10-L10 -> 193.485 | V10: =U10*D10 -> 96742.5 | W10: =Q10-H10 -> 184.6 | X10: =W10*D10 -> 92300 | Z10: =Q10*D10 -> 332800 | AA10: 312000 | AB10: =L10*D10 -> 236057.5 | AC10: =H10*D10 -> 240500
A11: 9 | B11: 5647016D | C11: VOLUMETRIC FLASK A CLASS CLEAR USP 100ML | D11: 1000 | E11: 550 | F11: 0.35 | G11: =E11*F11 -> 192.5 | H11: =E11-G11 -> 357.5 | I11: 810 | J11: 0.53 | K11: =I11*J11 -> 429.3 | L11: =I11-K11 -> 380.7 | M11: =(L11-H11)*100/L11 -> 6.0940373 | N11: 1050 | O11: 0.36 | P11: =N11*O11 -> 378 | Q11: =N11-P11 -> 672 | R11: =(Q11-H11)*100/Q11 -> 46.800595 | S11: =MIN(H11,L11,Q11) -> 357.5 | T11: Global Pharma | U11: =Q11-L11 -> 291.3 | V11: =U11*D11 -> 291300 | W11: =Q11-H11 -> 314.5 | X11: =W11*D11 -> 314500 | Z11: =Q11*D11 -> 672000 | AA11: 630000 | AB11: =L11*D11 -> 380700 | AC11: =H11*D11 -> 357500
A12: 10 | B12: 5655016 | C12: VOLUMETRIC FLASK A CLASS AMBER USP 100ML | D12: 500 | E12: 750 | F12: 0.35 | G12: =E12*F12 -> 262.5 | H12: =E12-G12 -> 487.5 | I12: 1002 | J12: 0.53 | K12: =I12*J12 -> 531.06 | L12: =I12-K12 -> 470.94 | M12: =(L12-H12)*100/L12 -> -3.5163715 | N12: 1015 | O12: 0.36 | P12: =N12*O12 -> 365.4 | Q12: =N12-P12 -> 649.6 | R12: =(Q12-H12)*100/Q12 -> 24.953818 | S12: =MIN(H12,L12,Q12) -> 470.94 | T12: Global Pharma | U12: =Q12-L12 -> 178.66 | V12: =U12*D12 -> 89330 | W12: =Q12-H12 -> 162.1 | X12: =W12*D12 -> 81050 | Z12: =Q12*D12 -> 324800 | AA12: 304500 | AB12: =L12*D12 -> 235470 | AC12: =H12*D12 -> 243750
A13: 11 | B13: 5647020D | C13: VOLUMETRIC FLASK A CLASS CLEAR USP 200ML | D13: 100 | E13: 750 | F13: 0.35 | G13: =E13*F13 -> 262.5 | H13: =E13-G13 -> 487.5 | I13: 1131.5 | J13: 0.53 | K13: =I13*J13 -> 599.695 | L13: =I13-K13 -> 531.805 | M13: =(L13-H13)*100/L13 -> 8.3310612 | N13: 1235 | O13: 0.36 | P13: =N13*O13 -> 444.6 | Q13: =N13-P13 -> 790.4 | R13: =(Q13-H13)*100/Q13 -> 38.322368 | S13: =MIN(H13,L13,Q13) -> 487.5 | T13: Santosh Enterprises | U13: =Q13-L13 -> 258.595 | V13: =U13*D13 -> 25859.5 | W13: =Q13-H13 -> 302.9 | X13: =W13*D13 -> 30290 | Z13: =Q13*D13 -> 79040 | AA13: 74100 | AB13: =L13*D13 -> 53180.5 | AC13: =H13*D13 -> 48750
A14: 12 | B14: 5655020 | C14: VOLUMETRIC FLASK A CLASS AMBER USP 200ML | D14: 50 | E14: 910 | F14: 0.35 | G14: =E14*F14 -> 318.5 | H14: =E14-G14 -> 591.5 | I14: 1383.5 | J14: 0.53 | K14: =I14*J14 -> 733.255 | L14: =I14-K14 -> 650.245 | M14: =(L14-H14)*100/L14 -> 9.0342871 | N14: 1435 | O14: 0.36 | P14: =N14*O14 -> 516.6 | Q14: =N14-P14 -> 918.4 | R14: =(Q14-H14)*100/Q14 -> 35.594512 | S14: =MIN(H14,L14,Q14) -> 591.5 | T14: Santosh Enterprises | U14: =Q14-L14 -> 268.155 | V14: =U14*D14 -> 13407.75 | W14: =Q14-H14 -> 326.9 | X14: =W14*D14 -> 16345 | Z14: =Q14*D14 -> 45920 | AA14: 43050 | AB14: =L14*D14 -> 32512.25 | AC14: =H14*D14 -> 29575
A15: 13 | B15: 5647021D | C15: VOLUMETRIC FLASK A CLASS CLEAR USP 250ML | D15: 100 | E15: 760 | F15: 0.35 | G15: =E15*F15 -> 266 | H15: =E15-G15 -> 494 | I15: 1137 | J15: 0.53 | K15: =I15*J15 -> 602.61 | L15: =I15-K15 -> 534.39 | M15: =(L15-H15)*100/L15 -> 7.5581504 | N15: 1330 | O15: 0.36 | P15: =N15*O15 -> 478.8 | Q15: =N15-P15 -> 851.2 | R15: =(Q15-H15)*100/Q15 -> 41.964286 | S15: =MIN(H15,L15,Q15) -> 494 | T15: Santosh Enterprises | U15: =Q15-L15 -> 316.81 | V15: =U15*D15 -> 31681 | W15: =Q15-H15 -> 357.2 | X15: =W15*D15 -> 35720 | Z15: =Q15*D15 -> 85120 | AA15: 79800 | AB15: =L15*D15 -> 53439 | AC15: =H15*D15 -> 49400
A16: 14 | B16: 5655021 | C16: VOLUMETRIC FLASK A CLASS AMBER USP 250ML | D16: 50 | E16: 935 | F16: 0.35 | G16: =E16*F16 -> 327.25 | H16: =E16-G16 -> 607.75 | I16: 1388.5 | J16: 0.53 | K16: =I16*J16 -> 735.905 | L16: =I16-K16 -> 652.595 | M16: =(L16-H16)*100/L16 -> 6.8717964 | N16: 1440 | O16: 0.36 | P16: =N16*O16 -> 518.4 | Q16: =N16-P16 -> 921.6 | R16: =(Q16-H16)*100/Q16 -> 34.054905 | S16: =MIN(H16,L16,Q16) -> 607.75 | T16: Global Pharma | U16: =Q16-L16 -> 269.005 | V16: =U16*D16 -> 13450.25 | W16: =Q16-H16 -> 313.85 | X16: =W16*D16 -> 15692.5 | Z16: =Q16*D16 -> 46080 | AA16: 43200 | AB16: =L16*D16 -> 32629.75 | AC16: =H16*D16 -> 30387.5
A17: 15 | B17: 5647024D | C17: VOLUMETRIC FLASK A CLASS CLEAR USP 500ML | D17: 100 | E17: 960 | F17: 0.35 | G17: =E17*F17 -> 336 | H17: =E17-G17 -> 624 | I17: 1499 | J17: 0.53 | K17: =I17*J17 -> 794.47 | L17: =I17-K17 -> 704.53 | M17: =(L17-H17)*100/L17 -> 11.430315 | N17: 1655 | O17: 0.36 | P17: =N17*O17 -> 595.8 | Q17: =N17-P17 -> 1059.2 | R17: =(Q17-H17)*100/Q17 -> 41.087613 | S17: =MIN(H17,L17,Q17) -> 624 | T17: Santosh Enterprises | U17: =Q17-L17 -> 354.67 | V17: =U17*D17 -> 35467 | W17: =Q17-H17 -> 435.2 | X17: =W17*D17 -> 43520 | Z17: =Q17*D17 -> 105920 | AA17: 99300 | AB17: =L17*D17 -> 70453 | AC17: =H17*D17 -> 62400
A18: 16 | B18: 5655024 | C18: VOLUMETRIC FLASK A CLASS AMBER USP 500ML | D18: 50 | E18: 1310 | F18: 0.35 | G18: =E18*F18 -> 458.5 | H18: =E18-G18 -> 851.5 | I18: 1830 | J18: 0.53 | K18: =I18*J18 -> 969.9 | L18: =I18-K18 -> 860.1 | M18: =(L18-H18)*100/L18 -> 0.99988373 | N18: 1895 | O18: 0.36 | P18: =N18*O18 -> 682.2 | Q18: =N18-P18 -> 1212.8 | R18: =(Q18-H18)*100/Q18 -> 29.790567 | S18: =MIN(H18,L18,Q18) -> 851.5 | T18: Global Pharma | U18: =Q18-L18 -> 352.7 | V18: =U18*D18 -> 17635 | W18: =Q18-H18 -> 361.3 | X18: =W18*D18 -> 18065 | Z18: =Q18*D18 -> 60640 | AA18: 56850 | AB18: =L18*D18 -> 43005 | AC18: =H18*D18 -> 42575
A19: 17 | B19: 5647029D | C19: VOLUMETRIC FLASK A CLASS CLEAR USP 1000ML | D19: 200 | E19: 1410 | F19: 0.35 | G19: =E19*F19 -> 493.5 | H19: =E19-G19 -> 916.5 | I19: 2182 | J19: 0.53 | K19: =I19*J19 -> 1156.46 | L19: =I19-K19 -> 1025.54 | M19: =(L19-H19)*100/L19 -> 10.632447 | N19: 2400 | O19: 0.36 | P19: =N19*O19 -> 864 | Q19: =N19-P19 -> 1536 | R19: =(Q19-H19)*100/Q19 -> 40.332031 | S19: =MIN(H19,L19,Q19) -> 916.5 | T19: Santosh Enterprises | U19: =Q19-L19 -> 510.46 | V19: =U19*D19 -> 102092 | W19: =Q19-H19 -> 619.5 | X19: =W19*D19 -> 123900 | Z19: =Q19*D19 -> 307200 | AA19: 288000 | AB19: =L19*D19 -> 205108 | AC19: =H19*D19 -> 183300
A20: 18 | B20: 5655029 | C20: VOLUMETRIC FLASK A CLASS AMBER USP 1000ML | D20: 100 | E20: 1790 | F20: 0.35 | G20: =E20*F20 -> 626.5 | H20: =E20-G20 -> 1163.5 | I20: 2667 | J20: 0.53 | K20: =I20*J20 -> 1413.51 | L20: =I20-K20 -> 1253.49 | M20: =(L20-H20)*100/L20 -> 7.1791558 | N20: 2765 | O20: 0.36 | P20: =N20*O20 -> 995.4 | Q20: =N20-P20 -> 1769.6 | R20: =(Q20-H20)*100/Q20 -> 34.250678 | S20: =MIN(H20,L20,Q20) -> 1163.5 | T20: Santosh Enterprises | U20: =Q20-L20 -> 516.11 | V20: =U20*D20 -> 51611 | W20: =Q20-H20 -> 606.1 | X20: =W20*D20 -> 60610 | Z20: =Q20*D20 -> 176960 | AA20: 165900 | AB20: =L20*D20 -> 125349 | AC20: =H20*D20 -> 116350
A21: 19 | B21: 7101001 | C21: VOLUMETRIC PIPETTE 1ML CLASS "A"USP | D21: 100 | E21: 290 | F21: 0.35 | G21: =E21*F21 -> 101.5 | H21: =E21-G21 -> 188.5 | I21: 399.1 | J21: 0.53 | K21: =I21*J21 -> 211.523 | L21: =I21-K21 -> 187.577 | M21: =(L21-H21)*100/L21 -> -0.49206459 | N21: 415 | O21: 0.36 | P21: =N21*O21 -> 149.4 | Q21: =N21-P21 -> 265.6 | R21: =(Q21-H21)*100/Q21 -> 29.028614 | S21: =MIN(H21,L21,Q21) -> 187.577 | T21: Global Pharma | U21: =Q21-L21 -> 78.023 | V21: =U21*D21 -> 7802.3 | W21: =Q21-H21 -> 77.1 | X21: =W21*D21 -> 7710 | Z21: =Q21*D21 -> 26560 | AA21: 24900 | AB21: =L21*D21 -> 18757.7 | AC21: =H21*D21 -> 18850
A22: 20 | B22: 7101002 | C22: VOLUMETRIC PIPETTE 2ML CLASS "A"USP | D22: 100 | E22: 300 | F22: 0.35 | G22: =E22*F22 -> 105 | H22: =E22-G22 -> 195 | I22: 448.2 | J22: 0.53 | K22: =I22*J22 -> 237.546 | L22: =I22-K22 -> 210.654 | M22: =(L22-H22)*100/L22 -> 7.431143 | N22: 465 | O22: 0.36 | P22: =N22*O22 -> 167.4 | Q22: =N22-P22 -> 297.6 | R22: =(Q22-H22)*100/Q22 -> 34.475806 | S22: =MIN(H22,L22,Q22) -> 195 | T22: Santosh Enterprises | U22: =Q22-L22 -> 86.946 | V22: =U22*D22 -> 8694.6 | W22: =Q22-H22 -> 102.6 | X22: =W22*D22 -> 10260 | Z22: =Q22*D22 -> 29760 | AA22: 27900 | AB22: =L22*D22 -> 21065.4 | AC22: =H22*D22 -> 19500
A23: 21 | B23: 7101003 | C23: VOLUMETRIC PIPETTE 3ML CLASS "A"USP | D23: 100 | E23: 350 | F23: 0.35 | G23: =E23*F23 -> 122.5 | H23: =E23-G23 -> 227.5 | I23: 473.5 | J23: 0.53 | K23: =I23*J23 -> 250.955 | L23: =I23-K23 -> 222.545 | M23: =(L23-H23)*100/L23 -> -2.226516 | N23: 490 | O23: 0.36 | P23: =N23*O23 -> 176.4 | Q23: =N23-P23 -> 313.6 | R23: =(Q23-H23)*100/Q23 -> 27.455357 | S23: =MIN(H23,L23,Q23) -> 222.545 | T23: Global Pharma | U23: =Q23-L23 -> 91.055 | V23: =U23*D23 -> 9105.5 | W23: =Q23-H23 -> 86.1 | X23: =W23*D23 -> 8610 | Z23: =Q23*D23 -> 31360 | AA23: 29400 | AB23: =L23*D23 -> 22254.5 | AC23: =H23*D23 -> 22750
A24: 22 | B24: 7101004 | C24: VOLUMETRIC PIPETTE 4ML CLASS "A"USP | D24: 100 | E24: 350 | F24: 0.35 | G24: =E24*F24 -> 122.5 | H24: =E24-G24 -> 227.5 | I24: 473.5 | J24: 0.53 | K24: =I24*J24 -> 250.955 | L24: =I24-K24 -> 222.545 | M24: =(L24-H24)*100/L24 -> -2.226516 | N24: 490 | O24: 0.36 | P24: =N24*O24 -> 176.4 | Q24: =N24-P24 -> 313.6 | R24: =(Q24-H24)*100/Q24 -> 27.455357 | S24: =MIN(H24,L24,Q24) -> 222.545 | T24: Global Pharma | U24: =Q24-L24 -> 91.055 | V24: =U24*D24 -> 9105.5 | W24: =Q24-H24 -> 86.1 | X24: =W24*D24 -> 8610 | Z24: =Q24*D24 -> 31360 | AA24: 29400 | AB24: =L24*D24 -> 22254.5 | AC24: =H24*D24 -> 22750
A25: 23 | B25: 7101005 | C25: VOLUMETRIC PIPETTE 5ML CLASS "A"USP | D25: 100 | E25: 340 | F25: 0.35 | G25: =E25*F25 -> 119 | H25: =E25-G25 -> 221 | I25: 473.3 | J25: 0.53 | K25: =I25*J25 -> 250.849 | L25: =I25-K25 -> 222.451 | M25: =(L25-H25)*100/L25 -> 0.65227848 | N25: 495 | O25: 0.36 | P25: =N25*O25 -> 178.2 | Q25: =N25-P25 -> 316.8 | R25: =(Q25-H25)*100/Q25 -> 30.239899 | S25: =MIN(H25,L25,Q25) -> 221 | T25: Global Pharma | U25: =Q25-L25 -> 94.349 | V25: =U25*D25 -> 9434.9 | W25: =Q25-H25 -> 95.8 | X25: =W25*D25 -> 9580 | Z25: =Q25*D25 -> 31680 | AA25: 29700 | AB25: =L25*D25 -> 22245.1 | AC25: =H25*D25 -> 22100
A26: 24 | B26: 7101706 | C26: VOLUMETRIC PIPETTE 6ML CLASS "A"USP | D26: 100 | E26: 390 | F26: 0.35 | G26: =E26*F26 -> 136.5 | H26: =E26-G26 -> 253.5 | I26: 520.2 | J26: 0.53 | K26: =I26*J26 -> 275.706 | L26: =I26-K26 -> 244.494 | M26: =(L26-H26)*100/L26 -> -3.683526 | N26: 540 | O26: 0.36 | P26: =N26*O26 -> 194.4 | Q26: =N26-P26 -> 345.6 | R26: =(Q26-H26)*100/Q26 -> 26.649306 | S26: =MIN(H26,L26,Q26) -> 244.494 | T26: Global Pharma | U26: =Q26-L26 -> 101.106 | V26: =U26*D26 -> 10110.6 | W26: =Q26-H26 -> 92.1 | X26: =W26*D26 -> 9210 | Z26: =Q26*D26 -> 34560 | AA26: 32400 | AB26: =L26*D26 -> 24449.4 | AC26: =H26*D26 -> 25350
A27: 25 | B27: 7101707 | C27: VOLUMETRIC PIPETTE 7ML CLASS "A"USP | D27: 100 | E27: 390 | F27: 0.35 | G27: =E27*F27 -> 136.5 | H27: =E27-G27 -> 253.5 | I27: 520.2 | J27: 0.53 | K27: =I27*J27 -> 275.706 | L27: =I27-K27 -> 244.494 | M27: =(L27-H27)*100/L27 -> -3.683526 | N27: 540 | O27: 0.36 | P27: =N27*O27 -> 194.4 | Q27: =N27-P27 -> 345.6 | R27: =(Q27-H27)*100/Q27 -> 26.649306 | S27: =MIN(H27,L27,Q27) -> 244.494 | T27: Global Pharma | U27: =Q27-L27 -> 101.106 | V27: =U27*D27 -> 10110.6 | W27: =Q27-H27 -> 92.1 | X27: =W27*D27 -> 9210 | Z27: =Q27*D27 -> 34560 | AA27: 32400 | AB27: =L27*D27 -> 24449.4 | AC27: =H27*D27 -> 25350
A28: 26 | B28: 7101708 | C28: VOLUMETRIC PIPETTE 8ML CLASS "A"USP | D28: 100 | E28: 390 | F28: 0.35 | G28: =E28*F28 -> 136.5 | H28: =E28-G28 -> 253.5 | I28: 520.2 | J28: 0.53 | K28: =I28*J28 -> 275.706 | L28: =I28-K28 -> 244.494 | M28: =(L28-H28)*100/L28 -> -3.683526 | N28: 540 | O28: 0.36 | P28: =N28*O28 -> 194.4 | Q28: =N28-P28 -> 345.6 | R28: =(Q28-H28)*100/Q28 -> 26.649306 | S28: =MIN(H28,L28,Q28) -> 244.494 | T28: Global Pharma | U28: =Q28-L28 -> 101.106 | V28: =U28*D28 -> 10110.6 | W28: =Q28-H28 -> 92.1 | X28: =W28*D28 -> 9210 | Z28: =Q28*D28 -> 34560 | AA28: 32400 | AB28: =L28*D28 -> 24449.4 | AC28: =H28*D28 -> 25350
A29: 27 | B29: 7101709 | C29: VOLUMETRIC PIPETTE 9ML CLASS "A"USP | D29: 100 | E29: 390 | F29: 0.35 | G29: =E29*F29 -> 136.5 | H29: =E29-G29 -> 253.5 | I29: 520.2 | J29: 0.53 | K29: =I29*J29 -> 275.706 | L29: =I29-K29 -> 244.494 | M29: =(L29-H29)*100/L29 -> -3.683526 | N29: 540 | O29: 0.36 | P29: =N29*O29 -> 194.4 | Q29: =N29-P29 -> 345.6 | R29: =(Q29-H29)*100/Q29 -> 26.649306 | S29: =MIN(H29,L29,Q29) -> 244.494 | T29: Global Pharma | U29: =Q29-L29 -> 101.106 | V29: =U29*D29 -> 10110.6 | W29: =Q29-H29 -> 92.1 | X29: =W29*D29 -> 9210 | Z29: =Q29*D29 -> 34560 | AA29: 32400 | AB29: =L29*D29 -> 24449.4 | AC29: =H29*D29 -> 25350
A30: 28 | B30: 7101006 | C30: VOLUMETRIC PIPETTE 10ML CLASS "A"USP | D30: 100 | E30: 390 | F30: 0.35 | G30: =E30*F30 -> 136.5 | H30: =E30-G30 -> 253.5 | I30: 536.4 | J30: 0.53 | K30: =I30*J30 -> 284.292 | L30: =I30-K30 -> 252.108 | M30: =(L30-H30)*100/L30 -> -0.55214432 | N30: 560 | O30: 0.36 | P30: =N30*O30 -> 201.6 | Q30: =N30-P30 -> 358.4 | R30: =(Q30-H30)*100/Q30 -> 29.268973 | S30: =MIN(H30,L30,Q30) -> 252.108 | T30: Global Pharma | U30: =Q30-L30 -> 106.292 | V30: =U30*D30 -> 10629.2 | W30: =Q30-H30 -> 104.9 | X30: =W30*D30 -> 10490 | Z30: =Q30*D30 -> 35840 | AA30: 33600 | AB30: =L30*D30 -> 25210.8 | AC30: =H30*D30 -> 25350
A31: 29 | B31: 7101007 | C31: VOLUMETRIC PIPETTE 15ML CLASS "A"USP | D31: 100 | E31: 425 | F31: 0.35 | G31: =E31*F31 -> 148.75 | H31: =E31-G31 -> 276.25 | I31: 609.6 | J31: 0.53 | K31: =I31*J31 -> 323.088 | L31: =I31-K31 -> 286.512 | M31: =(L31-H31)*100/L31 -> 3.5816999 | N31: 635 | O31: 0.36 | P31: =N31*O31 -> 228.6 | Q31: =N31-P31 -> 406.4 | R31: =(Q31-H31)*100/Q31 -> 32.025098 | S31: =MIN(H31,L31,Q31) -> 276.25 | T31: Global Pharma | U31: =Q31-L31 -> 119.888 | V31: =U31*D31 -> 11988.8 | W31: =Q31-H31 -> 130.15 | X31: =W31*D31 -> 13015 | Z31: =Q31*D31 -> 40640 | AA31: 38100 | AB31: =L31*D31 -> 28651.2 | AC31: =H31*D31 -> 27625
... A35: 33 | B35: 7101012 | C35: GLASS BEAKER 25ML | D35: 100 | E35: 90 | F35: 0.35 | G35: =E35*F35 -> 31.5 | H35: =E35-G35 -> 58.5 | I35: 138.2 | J35: 0.53 | K35: =I35*J35 -> 73.246 | L35: =I35-K35 -> 64.954 | M35: =(L35-H35)*100/L35 -> 9.9362626 | N35: 145 | O35: 0.36 | P35: =N35*O35 -> 52.2 | Q35: =N35-P35 -> 92.8 | R35: =(Q35-H35)*100/Q35 -> 36.961207 | S35: =MIN(H35,L35,Q35) -> 58.5 | T35: Santosh Enterprises | U35: =Q35-L35 -> 27.846 | V35: =U35*D35 -> 2784.6 | W35: =Q35-H35 -> 34.3 | X35: =W35*D35 -> 3430 | Z35: =Q35*D35 -> 9280 | AA35: 8700 | AB35: =L35*D35 -> 6495.4 | AC35: =H35*D35 -> 5850
A36: 34 | B36: 1000D12 | C36: GLASS BEAKER 50ML | D36: 145 | E36: 72 | F36: 0.35 | G36: =E36*F36 -> 25.2 | H36: =E36-G36 -> 46.8 | I36: 96.1 | J36: 0.53 | K36: =I36*J36 -> 50.933 | L36: =I36-K36 -> 45.167 | M36: =(L36-H36)*100/L36 -> -3.6154715 | N36: 100 | O36: 0.36 | P36: =N36*O36 -> 36 | Q36: =N36-P36 -> 64 | R36: =(Q36-H36)*100/Q36 -> 26.875 | S36: =MIN(H36,L36,Q36) -> 45.167 | T36: Global Pharma | U36: =Q36-L36 -> 18.833 | V36: =U36*D36 -> 2730.785 | W36: =Q36-H36 -> 17.2 | X36: =W36*D36 -> 2494 | Z36: =Q36*D36 -> 9280 | AA36: 8700 | AB36: =L36*D36 -> 6549.215 | AC36: =H36*D36 -> 6786
A37: 35 | B37: 1000D16 | C37: GLASS BEAKER 100ML | D37: 132 | E37: 78 | F37: 0.35 | G37: =E37*F37 -> 27.3 | H37: =E37-G37 -> 50.7 | I37: 99.5 | J37: 0.53 | K37: =I37*J37 -> 52.735 | L37: =I37-K37 -> 46.765 | M37: =(L37-H37)*100/L37 -> -8.4144125 | N37: 100 | O37: 0.36 | P37: =N37*O37 -> 36 | Q37: =N37-P37 -> 64 | R37: =(Q37-H37)*100/Q37 -> 20.78125 | S37: =MIN(H37,L37,Q37) -> 46.765 | T37: Global Pharma | U37: =Q37-L37 -> 17.235 | V37: =U37*D37 -> 2275.02 | W37: =Q37-H37 -> 13.3 | X37: =W37*D37 -> 1755.6 | Z37: =Q37*D37 -> 8448 | AA37: 7920 | AB37: =L37*D37 -> 6172.98 | AC37: =H37*D37 -> 6692.4
A38: 36 | B38: 1000D21 | C38: GLASS BEAKER 250ML | D38: 155 | E38: 100 | F38: 0.35 | G38: =E38*F38 -> 35 | H38: =E38-G38 -> 65 | I38: 109.5 | J38: 0.53 | K38: =I38*J38 -> 58.035 | L38: =I38-K38 -> 51.465 | M38: =(L38-H38)*100/L38 -> -26.299427 | N38: 110 | O38: 0.36 | P38: =N38*O38 -> 39.6 | Q38: =N38-P38 -> 70.4 | R38: =(Q38-H38)*100/Q38 -> 7.6704545 | S38: =MIN(H38,L38,Q38) -> 51.465 | T38: Global Pharma | U38: =Q38-L38 -> 18.935 | V38: =U38*D38 -> 2934.925 | W38: =Q38-H38 -> 5.4 | X38: =W38*D38 -> 837 | Z38: =Q38*D38 -> 10912 | AA38: 10230 | AB38: =L38*D38 -> 7977.075 | AC38: =H38*D38 -> 10075
A39: 37 | B39: 1000D24 | C39: GLASS BEAKER 500ML | D39: 183 | E39: 150 | F39: 0.35 | G39: =E39*F39 -> 52.5 | H39: =E39-G39 -> 97.5 | I39: 174.12 | J39: 0.53 | K39: =I39*J39 -> 92.2836 | L39: =I39-K39 -> 81.8364 | M39: =(L39-H39)*100/L39 -> -19.140138 | N39: 175 | O39: 0.36 | P39: =N39*O39 -> 63 | Q39: =N39-P39 -> 112 | R39: =(Q39-H39)*100/Q39 -> 12.946429 | S39: =MIN(H39,L39,Q39) -> 81.8364 | T39: Global Pharma | U39: =Q39-L39 -> 30.1636 | V39: =U39*D39 -> 5519.9388 | W39: =Q39-H39 -> 14.5 | X39: =W39*D39 -> 2653.5 | Z39: =Q39*D39 -> 20496 | AA39: 19215 | AB39: =L39*D39 -> 14976.061 | AC39: =H39*D39 -> 17842.5
A40: 38 | B40: 1000D29 | C40: GLASS BEAKER 1000ML | D40: 100 | E40: 345 | F40: 0.35 | G40: =E40*F40 -> 120.75 | H40: =E40-G40 -> 224.25 | I40: 353.16 | J40: 0.53 | K40: =I40*J40 -> 187.1748 | L40: =I40-K40 -> 165.9852 | M40: =(L40-H40)*100/L40 -> -35.102407 | N40: 355 | O40: 0.36 | P40: =N40*O40 -> 127.8 | Q40: =N40-P40 -> 227.2 | R40: =(Q40-H40)*100/Q40 -> 1.2984155 | S40: =MIN(H40,L40,Q40) -> 165.9852 | T40: Global Pharma | U40: =Q40-L40 -> 61.2148 | V40: =U40*D40 -> 6121.48 | W40: =Q40-H40 -> 2.95 | X40: =W40*D40 -> 295 | Z40: =Q40*D40 -> 22720 | AA40: 21300 | AB40: =L40*D40 -> 16598.52 | AC40: =H40*D40 -> 22425
A41: 39 | B41: 1501016 | C41: SCREW CAP BOTTLE 100ML | D41: 100 | E41: 345 | F41: 0.35 | G41: =E41*F41 -> 120.75 | H41: =E41-G41 -> 224.25 | I41: 403 | J41: 0.53 | K41: =I41*J41 -> 213.59 | L41: =I41-K41 -> 189.41 | M41: =(L41-H41)*100/L41 -> -18.39396 | N41: 405 | O41: 0.36 | P41: =N41*O41 -> 145.8 | Q41: =N41-P41 -> 259.2 | R41: =(Q41-H41)*100/Q41 -> 13.483796 | S41: =MIN(H41,L41,Q41) -> 189.41 | T41: Global Pharma | U41: =Q41-L41 -> 69.79 | V41: =U41*D41 -> 6979 | W41: =Q41-H41 -> 34.95 | X41: =W41*D41 -> 3495 | Z41: =Q41*D41 -> 25920 | AA41: 24300 | AB41: =L41*D41 -> 18941 | AC41: =H41*D41 -> 22425
A42: 40 | B42: 1501021 | C42: SCREW CAP BOTTLE 250ML | D42: 100 | E42: 370 | F42: 0.35 | G42: =E42*F42 -> 129.5 | H42: =E42-G42 -> 240.5 | I42: 408 | J42: 0.53 | K42: =I42*J42 -> 216.24 | L42: =I42-K42 -> 191.76 | M42: =(L42-H42)*100/L42 -> -25.417188 | N42: 410 | O42: 0.36 | P42: =N42*O42 -> 147.6 | Q42: =N42-P42 -> 262.4 | R42: =(Q42-H42)*100/Q42 -> 8.3460366 | S42: =MIN(H42,L42,Q42) -> 191.76 | T42: Global Pharma | U42: =Q42-L42 -> 70.64 | V42: =U42*D42 -> 7064 | W42: =Q42-H42 -> 21.9 | X42: =W42*D42 -> 2190 | Z42: =Q42*D42 -> 26240 | AA42: 24600 | AB42: =L42*D42 -> 19176 | AC42: =H42*D42 -> 24050
A43: 41 | B43: 1501024 | C43: SCREW CAP BOTTLE 500ML | D43: 100 | E43: 425 | F43: 0.35 | G43: =E43*F43 -> 148.75 | H43: =E43-G43 -> 276.25 | I43: 447.8 | J43: 0.53 | K43: =I43*J43 -> 237.334 | L43: =I43-K43 -> 210.466 | M43: =(L43-H43)*100/L43 -> -31.256355 | N43: 450 | O43: 0.36 | P43: =N43*O43 -> 162 | Q43: =N43-P43 -> 288 | R43: =(Q43-H43)*100/Q43 -> 4.0798611 | S43: =MIN(H43,L43,Q43) -> 210.466 | T43: Global Pharma | U43: =Q43-L43 -> 77.534 | V43: =U43*D43 -> 7753.4 | W43: =Q43-H43 -> 11.75 | X43: =W43*D43 -> 1175 | Z43: =Q43*D43 -> 28800 | AA43: 27000 | AB43: =L43*D43 -> 21046.6 | AC43: =H43*D43 -> 27625
A44: 42 | B44: 1501024 | C44: SCREW CAP BOTTLE 1000ML | D44: 100 | E44: 660 | F44: 0.35 | G44: =E44*F44 -> 231 | H44: =E44-G44 -> 429 | I44: 691.5 | J44: 0.53 | K44: =I44*J44 -> 366.495 | L44: =I44-K44 -> 325.005 | M44: =(L44-H44)*100/L44 -> -31.997969 | N44: 695 | O44: 0.36 | P44: =N44*O44 -> 250.2 | Q44: =N44-P44 -> 444.8 | R44: =(Q44-H44)*100/Q44 -> 3.5521583 | S44: =MIN(H44,L44,Q44) -> 325.005 | T44: Global Pharma | U44: =Q44-L44 -> 119.795 | V44: =U44*D44 -> 11979.5 | W44: =Q44-H44 -> 15.8 | X44: =W44*D44 -> 1580 | Z44: =Q44*D44 -> 44480 | AA44: 41700 | AB44: =L44*D44 -> 32500.5 | AC44: =H44*D44 -> 42900
A45: 43 | B45: 1501030 | C45: SCREW CAP BOTTLE 2000ML | D45: 100 | E45: 1120 | F45: 0.35 | G45: =E45*F45 -> 392 | H45: =E45-G45 -> 728 | I45: 1302 | J45: 0.53 | K45: =I45*J45 -> 690.06 | L45: =I45-K45 -> 611.94 | M45: =(L45-H45)*100/L45 -> -18.965912 | N45: 1240 | O45: 0.36 | P45: =N45*O45 -> 446.4 | Q45: =N45-P45 -> 793.6 | R45: =(Q45-H45)*100/Q45 -> 8.266129 | S45: =MIN(H45,L45,Q45) -> 611.94 | T45: Global Pharma | U45: =Q45-L45 -> 181.66 | V45: =U45*D45 -> 18166 | W45: =Q45-H45 -> 65.6 | X45: =W45*D45 -> 6560 | Z45: =Q45*D45 -> 79360 | AA45: 74400 | AB45: =L45*D45 -> 61194 | AC45: =H45*D45 -> 72800
A46: 44 | B46: 1501031 | C46: SCREW CAP BOTTLE 3000ML | D46: 50 | E46: 4700 | F46: 0.35 | G46: =E46*F46 -> 1645 | H46: =E46-G46 -> 3055 | I46: 6378 | J46: 0.53 | K46: =I46*J46 -> 3380.34 | L46: =I46-K46 -> 2997.66 | M46: =(L46-H46)*100/L46 -> -1.9128253 | N46: 6410 | O46: 0.36 | P46: =N46*O46 -> 2307.6 | Q46: =N46-P46 -> 4102.4 | R46: =(Q46-H46)*100/Q46 -> 25.531396 | S46: =MIN(H46,L46,Q46) -> 2997.66 | T46: Global Pharma | U46: =Q46-L46 -> 1104.74 | V46: =U46*D46 -> 55237 | W46: =Q46-H46 -> 1047.4 | X46: =W46*D46 -> 52370 | Z46: =Q46*D46 -> 205120 | AA46: 192300 | AB46: =L46*D46 -> 149883 | AC46: =H46*D46 -> 152750
A47: 45 | B47: 1501033 | C47: SCREW CAP BOTTLE 5000ML | D47: 50 | E47: 5650 | F47: 0.35 | G47: =E47*F47 -> 1977.5 | H47: =E47-G47 -> 3672.5 | I47: 7198.83 | J47: 0.53 | K47: =I47*J47 -> 3815.3799 | L47: =I47-K47 -> 3383.4501 | M47: =(L47-H47)*100/L47 -> -8.543052 | N47: 7235 | O47: 0.36 | P47: =N47*O47 -> 2604.6 | Q47: =N47-P47 -> 4630.4 | R47: =(Q47-H47)*100/Q47 -> 20.687198 | S47: =MIN(H47,L47,Q47) -> 3383.4501 | T47: Global Pharma | U47: =Q47-L47 -> 1246.9499 | V47: =U47*D47 -> 62347.495 | W47: =Q47-H47 -> 957.9 | X47: =W47*D47 -> 47895 | Z47: =Q47*D47 -> 231520 | AA47: 217050 | AB47: =L47*D47 -> 169172.5 | AC47: =H47*D47 -> 183625
A48: 46 | B48: 1501038 | C48: SCREW CAP BOTTLE 10000ML | D48: 10 | E48: 12611 | F48: 0.35 | G48: =E48*F48 -> 4413.85 | H48: =E48-G48 -> 8197.15 | I48: 11875 | J48: 0.53 | K48: =I48*J48 -> 6293.75 | L48: =I48-K48 -> 5581.25 | M48: =(L48-H48)*100/L48 -> -46.869429 | N48: 11935 | O48: 0.36 | P48: =N48*O48 -> 4296.6 | Q48: =N48-P48 -> 7638.4 | R48: =(Q48-H48)*100/Q48 -> -7.3150136 | S48: =MIN(H48,L48,Q48) -> 5581.25 | T48: Global Pharma | U48: =Q48-L48 -> 2057.15 | V48: =U48*D48 -> 20571.5 | W48: =Q48-H48 -> -558.75 | X48: =W48*D48 -> -5587.5 | Z48: =Q48*D48 -> 76384 | AA48: 71610 | AB48: =L48*D48 -> 55812.5 | AC48: =H48*D48 -> 81971.5
A49: 47 | B49: 3021006 | C49: MEASURING CYLINDER 10ML CAPACITY CLASS AUSP | D49: 30 | E49: 520 | F49: 0.35 | G49: =E49*F49 -> 182 | H49: =E49-G49 -> 338 | I49: 719 | J49: 0.53 | K49: =I49*J49 -> 381.07 | L49: =I49-K49 -> 337.93 | M49: =(L49-H49)*100/L49 -> -0.020714349 | N49: 635 | O49: 0.36 | P49: =N49*O49 -> 228.6 | Q49: =N49-P49 -> 406.4 | R49: =(Q49-H49)*100/Q49 -> 16.830709 | S49: =MIN(H49,L49,Q49) -> 337.93 | T49: Global Pharma | U49: =Q49-L49 -> 68.47 | V49: =U49*D49 -> 2054.1 | W49: =Q49-H49 -> 68.4 | X49: =W49*D49 -> 2052 | Z49: =Q49*D49 -> 12192 | AA49: 11430 | AB49: =L49*D49 -> 10137.9 | AC49: =H49*D49 -> 10140
A50: 48 | B50: 3021009 | C50: MEASURING CYLINDER 25ML CAPACITY CLASS A USP | D50: 30 | E50: 550 | F50: 0.35 | G50: =E50*F50 -> 192.5 | H50: =E50-G50 -> 357.5 | I50: 828.5 | J50: 0.53 | K50: =I50*J50 -> 439.105 | L50: =I50-K50 -> 389.395 | M50: =(L50-H50)*100/L50 -> 8.1909115 | N50: 730 | O50: 0.36 | P50: =N50*O50 -> 262.8 | Q50: =N50-P50 -> 467.2 | R50: =(Q50-H50)*100/Q50 -> 23.480308 | S50: =MIN(H50,L50,Q50) -> 357.5 | T50: Santosh Enterprises | U50: =Q50-L50 -> 77.805 | V50: =U50*D50 -> 2334.15 | W50: =Q50-H50 -> 109.7 | X50: =W50*D50 -> 3291 | Z50: =Q50*D50 -> 14016 | AA50: 13140 | AB50: =L50*D50 -> 11681.85 | AC50: =H50*D50 -> 10725
A51: 49 | B51: 3021012 | C51: MEASURING CYLINDER 50ML CAPACITY CLASS A USP | D51: 30 | E51: 650 | F51: 0.35 | G51: =E51*F51 -> 227.5 | H51: =E51-G51 -> 422.5 | I51: 988.5 | J51: 0.53 | K51: =I51*J51 -> 523.905 | L51: =I51-K51 -> 464.595 | M51: =(L51-H51)*100/L51 -> 9.0605796 | N51: 885 | O51: 0.36 | P51: =N51*O51 -> 318.6 | Q51: =N51-P51 -> 566.4 | R51: =(Q51-H51)*100/Q51 -> 25.406073 | S51: =MIN(H51,L51,Q51) -> 422.5 | T51: Santosh Enterprises | U51: =Q51-L51 -> 101.805 | V51: =U51*D51 -> 3054.15 | W51: =Q51-H51 -> 143.9 | X51: =W51*D51 -> 4317 | Z51: =Q51*D51 -> 16992 | AA51: 15930 | AB51: =L51*D51 -> 13937.85 | AC51: =H51*D51 -> 12675
A52: 50 | B52: 3021016 | C52: MEASURING CYLINDER 100ML CAPACITY CLASS A USP | D52: 30 | E52: 700 | F52: 0.35 | G52: =E52*F52 -> 245 | H52: =E52-G52 -> 455 | I52: 1090.5 | J52: 0.53 | K52: =I52*J52 -> 577.965 | L52: =I52-K52 -> 512.535 | M52: =(L52-H52)*100/L52 -> 11.225575 | N52: 1005 | O52: 0.36 | P52: =N52*O52 -> 361.8 | Q52: =N52-P52 -> 643.2 | R52: =(Q52-H52)*100/Q52 -> 29.25995 | S52: =MIN(H52,L52,Q52) -> 455 | T52: Santosh Enterprises | U52: =Q52-L52 -> 130.665 | V52: =U52*D52 -> 3919.95 | W52: =Q52-H52 -> 188.2 | X52: =W52*D52 -> 5646 | Z52: =Q52*D52 -> 19296 | AA52: 18090 | AB52: =L52*D52 -> 15376.05 | AC52: =H52*D52 -> 13650
... A55: 53 | B55: 3021029 | C55: MEASURING CYLINDER 1000ML CAPACITY CLASS A USP | D55: 30 | E55: 1900 | F55: 0.35 | G55: =E55*F55 -> 665 | H55: =E55-G55 -> 1235 | I55: 2617 | J55: 0.53 | K55: =I55*J55 -> 1387.01 | L55: =I55-K55 -> 1229.99 | M55: =(L55-H55)*100/L55 -> -0.40732038 | N55: 2520 | O55: 0.36 | P55: =N55*O55 -> 907.2 | Q55: =N55-P55 -> 1612.8 | R55: =(Q55-H55)*100/Q55 -> 23.425099 | S55: =MIN(H55,L55,Q55) -> 1229.99 | T55: Global Pharma | U55: =Q55-L55 -> 382.81 | V55: =U55*D55 -> 11484.3 | W55: =Q55-H55 -> 377.8 | X55: =W55*D55 -> 11334 | Z55: =Q55*D55 -> 48384 | AA55: 45360 | AB55: =L55*D55 -> 36899.7 | AC55: =H55*D55 -> 37050
A56: 54 | B56: 7059P01 | C56: GRADUATED PIPETTE 1ML CLASS A USP | D56: 10 | E56: 360 | F56: 0.35 | G56: =E56*F56 -> 126 | H56: =E56-G56 -> 234 | I56: 1148 | J56: 0.53 | K56: =I56*J56 -> 608.44 | L56: =I56-K56 -> 539.56 | M56: =(L56-H56)*100/L56 -> 56.631329 | N56: 590 | O56: 0.36 | P56: =N56*O56 -> 212.4 | Q56: =N56-P56 -> 377.6 | R56: =(Q56-H56)*100/Q56 -> 38.029661 | S56: =MIN(H56,L56,Q56) -> 234 | T56: Santosh Enterprises | U56: =Q56-L56 -> -161.96 | V56: =U56*D56 -> -1619.6 | W56: =Q56-H56 -> 143.6 | X56: =W56*D56 -> 1436 | Z56: =Q56*D56 -> 3776 | AA56: 3540 | AB56: =L56*D56 -> 5395.6 | AC56: =H56*D56 -> 2340
A57: 55 | B57: 7059P02 | C57: GRADUATED PIPETTE 2ML CLASS A USP | D57: 10 | E57: 370 | F57: 0.35 | G57: =E57*F57 -> 129.5 | H57: =E57-G57 -> 240.5 | I57: 1202 | J57: 0.53 | K57: =I57*J57 -> 637.06 | L57: =I57-K57 -> 564.94 | M57: =(L57-H57)*100/L57 -> 57.429108 | N57: 580 | O57: 0.36 | P57: =N57*O57 -> 208.8 | Q57: =N57-P57 -> 371.2 | R57: =(Q57-H57)*100/Q57 -> 35.210129 | S57: =MIN(H57,L57,Q57) -> 240.5 | T57: Santosh Enterprises | U57: =Q57-L57 -> -193.74 | V57: =U57*D57 -> -1937.4 | W57: =Q57-H57 -> 130.7 | X57: =W57*D57 -> 1307 | Z57: =Q57*D57 -> 3712 | AA57: 3480 | AB57: =L57*D57 -> 5649.4 | AC57: =H57*D57 -> 2405
A58: 56 | B58: 7059P05 | C58: GRADUATED PIPETTE 5ML CLASS A USP | D58: 10 | E58: 400 | F58: 0.35 | G58: =E58*F58 -> 140 | H58: =E58-G58 -> 260 | I58: 1290 | J58: 0.53 | K58: =I58*J58 -> 683.7 | L58: =I58-K58 -> 606.3 | M58: =(L58-H58)*100/L58 -> 57.116939 | N58: 670 | O58: 0.36 | P58: =N58*O58 -> 241.2 | Q58: =N58-P58 -> 428.8 | R58: =(Q58-H58)*100/Q58 -> 39.365672 | S58: =MIN(H58,L58,Q58) -> 260 | T58: Santosh Enterprises | U58: =Q58-L58 -> -177.5 | V58: =U58*D58 -> -1775 | W58: =Q58-H58 -> 168.8 | X58: =W58*D58 -> 1688 | Z58: =Q58*D58 -> 4288 | AA58: 4020 | AB58: =L58*D58 -> 6063 | AC58: =H58*D58 -> 2600
A59: 57 | B59: 7059P06 | C59: GRADUATED PIPETTE 10ML CLASS A USP | D59: 10 | E59: 450 | F59: 0.35 | G59: =E59*F59 -> 157.5 | H59: =E59-G59 -> 292.5 | I59: 1215 | J59: 0.53 | K59: =I59*J59 -> 643.95 | L59: =I59-K59 -> 571.05 | M59: =(L59-H59)*100/L59 -> 48.778566 | N59: 720 | O59: 0.36 | P59: =N59*O59 -> 259.2 | Q59: =N59-P59 -> 460.8 | R59: =(Q59-H59)*100/Q59 -> 36.523438 | S59: =MIN(H59,L59,Q59) -> 292.5 | T59: Santosh Enterprises | U59: =Q59-L59 -> -110.25 | V59: =U59*D59 -> -1102.5 | W59: =Q59-H59 -> 168.3 | X59: =W59*D59 -> 1683 | Z59: =Q59*D59 -> 4608 | AA59: 4320 | AB59: =L59*D59 -> 5710.5 | AC59: =H59*D59 -> 2925
A60: 58 | B60: 7200001 | C60: WEIGHING SCOOP,CAP 1ML | D60: 300 | E60: 160 | F60: 0.35 | G60: =E60*F60 -> 56 | H60: =E60-G60 -> 104 | I60: 246.1 | J60: 0.53 | K60: =I60*J60 -> 130.433 | L60: =I60-K60 -> 115.667 | M60: =(L60-H60)*100/L60 -> 10.086714 | N60: 255 | O60: 0.36 | P60: =N60*O60 -> 91.8 | Q60: =N60-P60 -> 163.2 | R60: =(Q60-H60)*100/Q60 -> 36.27451 | S60: =MIN(H60,L60,Q60) -> 104 | T60: Santosh Enterprises | U60: =Q60-L60 -> 47.533 | V60: =U60*D60 -> 14259.9 | W60: =Q60-H60 -> 59.2 | X60: =W60*D60 -> 17760 | Z60: =Q60*D60 -> 48960 | AA60: 45900 | AB60: =L60*D60 -> 34700.1 | AC60: =H60*D60 -> 31200
A61: 59 | B61: 7200002 | C61: WEIGHING SCOOP,CAP 2ML | D61: 300 | E61: 160 | F61: 0.35 | G61: =E61*F61 -> 56 | H61: =E61-G61 -> 104 | I61: 246.1 | J61: 0.53 | K61: =I61*J61 -> 130.433 | L61: =I61-K61 -> 115.667 | M61: =(L61-H61)*100/L61 -> 10.086714 | N61: 255 | O61: 0.36 | P61: =N61*O61 -> 91.8 | Q61: =N61-P61 -> 163.2 | R61: =(Q61-H61)*100/Q61 -> 36.27451 | S61: =MIN(H61,L61,Q61) -> 104 | T61: Santosh Enterprises | U61: =Q61-L61 -> 47.533 | V61: =U61*D61 -> 14259.9 | W61: =Q61-H61 -> 59.2 | X61: =W61*D61 -> 17760 | Z61: =Q61*D61 -> 48960 | AA61: 45900 | AB61: =L61*D61 -> 34700.1 | AC61: =H61*D61 -> 31200
A62: 60 | B62: 7200002 | C62: WEIGHING SCOOP,CAP 3ML | D62: 300 | E62: 160 | F62: 0.35 | G62: =E62*F62 -> 56 | H62: =E62-G62 -> 104 | I62: 202 | J62: 0.53 | K62: =I62*J62 -> 107.06 | L62: =I62-K62 -> 94.94 | M62: =(L62-H62)*100/L62 -> -9.5428692 | N62: 210 | O62: 0.36 | P62: =N62*O62 -> 75.6 | Q62: =N62-P62 -> 134.4 | R62: =(Q62-H62)*100/Q62 -> 22.619048 | S62: =MIN(H62,L62,Q62) -> 94.94 | T62: Global Pharma | U62: =Q62-L62 -> 39.46 | V62: =U62*D62 -> 11838 | W62: =Q62-H62 -> 30.4 | X62: =W62*D62 -> 9120 | Z62: =Q62*D62 -> 40320 | AA62: 37800 | AB62: =L62*D62 -> 28482 | AC62: =H62*D62 -> 31200
A63: 61 | B63: 7200076 | C63: WEIGHING SCOOP,CAP 6ML | D63: 300 | E63: 190 | F63: 0.35 | G63: =E63*F63 -> 66.5 | H63: =E63-G63 -> 123.5 | I63: 263.2 | J63: 0.53 | K63: =I63*J63 -> 139.496 | L63: =I63-K63 -> 123.704 | M63: =(L63-H63)*100/L63 -> 0.16490978 | N63: 275 | O63: 0.36 | P63: =N63*O63 -> 99 | Q63: =N63-P63 -> 176 | R63: =(Q63-H63)*100/Q63 -> 29.829545 | S63: =MIN(H63,L63,Q63) -> 123.5 | T63: Global Pharma | U63: =Q63-L63 -> 52.296 | V63: =U63*D63 -> 15688.8 | W63: =Q63-H63 -> 52.5 | X63: =W63*D63 -> 15750 | Z63: =Q63*D63 -> 52800 | AA63: 49500 | AB63: =L63*D63 -> 37111.2 | AC63: =H63*D63 -> 37050
A64: 62 | B64: 7200006 | C64: WEIGHING SCOOP,CAP 10ML | D64: 200 | E64: 200 | F64: 0.35 | G64: =E64*F64 -> 70 | H64: =E64-G64 -> 130 | I64: 304.1 | J64: 0.53 | K64: =I64*J64 -> 161.173 | L64: =I64-K64 -> 142.927 | M64: =(L64-H64)*100/L64 -> 9.0444773 | N64: 315 | O64: 0.36 | P64: =N64*O64 -> 113.4 | Q64: =N64-P64 -> 201.6 | R64: =(Q64-H64)*100/Q64 -> 35.515873 | S64: =MIN(H64,L64,Q64) -> 130 | T64: Santosh Enterprises | U64: =Q64-L64 -> 58.673 | V64: =U64*D64 -> 11734.6 | W64: =Q64-H64 -> 71.6 | X64: =W64*D64 -> 14320 | Z64: =Q64*D64 -> 40320 | AA64: 37800 | AB64: =L64*D64 -> 28585.4 | AC64: =H64*D64 -> 26000
A65: 63 | B65: 5647009D | C65: VOLUMETRIC FLASK A CLASS CLEAR USP 25ML | D65: 100 | E65: 520 | F65: 0.35 | G65: =E65*F65 -> 182 | H65: =E65-G65 -> 338 | I65: 868 | J65: 0.53 | K65: =I65*J65 -> 460.04 | L65: =I65-K65 -> 407.96 | M65: =(L65-H65)*100/L65 -> 17.14874 | N65: 1020 | O65: 0.36 | P65: =N65*O65 -> 367.2 | Q65: =N65-P65 -> 652.8 | R65: 0 | S65: =MIN(H65,L65,Q65) -> 338 | T65: Santosh Enterprises | U65: =Q65-L65 -> 244.84 | V65: =U65*D65 -> 24484 | W65: =Q65-H65 -> 314.8 | X65: =W65*D65 -> 31480 | Z65: =Q65*D65 -> 65280 | AA65: 61200 | AB65: =L65*D65 -> 40796 | AC65: =H65*D65 -> 33800
A66: 64 | B66: 5655009 | C66: VOLUMETRIC FLASK A CLASS AMBER USP 25ML | D66: 200 | E66: 700 | F66: 0.35 | G66: =E66*F66 -> 245 | H66: =E66-G66 -> 455 | I66: 1067 | J66: 0.53 | K66: =I66*J66 -> 565.51 | L66: =I66-K66 -> 501.49 | M66: =(L66-H66)*100/L66 -> 9.2703743 | N66: 1080 | O66: 0.36 | P66: =N66*O66 -> 388.8 | Q66: =N66-P66 -> 691.2 | R66: =(Q66-H66)*100/Q66 -> 34.172454 | S66: =MIN(H66,L66,Q66) -> 455 | T66: Santosh Enterprises | U66: =Q66-L66 -> 189.71 | V66: =U66*D66 -> 37942 | W66: =Q66-H66 -> 236.2 | X66: =W66*D66 -> 47240 | Z66: =Q66*D66 -> 138240 | AA66: 129600 | AB66: =L66*D66 -> 100298 | AC66: =H66*D66 -> 91000
A67: 65 | B67: 5645030D | C67: VOLUMETRIC FLASK A CLASS CLEAR USP 2000ML | D67: 50 | E67: 2800 | F67: 0.35 | G67: =E67*F67 -> 980 | H67: =E67-G67 -> 1820 | I67: 3151 | J67: 0.53 | K67: =I67*J67 -> 1670.03 | L67: =I67-K67 -> 1480.97 | M67: =(L67-H67)*100/L67 -> -22.892429 | N67: 3670 | O67: 0.36 | P67: =N67*O67 -> 1321.2 | Q67: =N67-P67 -> 2348.8 | R67: =(Q67-H67)*100/Q67 -> 22.513624 | S67: =MIN(H67,L67,Q67) -> 1480.97 | T67: Global Pharma | U67: =Q67-L67 -> 867.83 | V67: =U67*D67 -> 43391.5 | W67: =Q67-H67 -> 528.8 | X67: =W67*D67 -> 26440 | Z67: =Q67*D67 -> 117440 | AA67: 110100 | AB67: =L67*D67 -> 74048.5 | AC67: =H67*D67 -> 91000
A68: 66 | B68: 5655030 | C68: VOLUMETRIC FLASK A CLASS AMBER USP 2000ML | D68: 30 | E68: 3100 | F68: 0.35 | G68: =E68*F68 -> 1085 | H68: =E68-G68 -> 2015 | I68: 3774 | J68: 0.53 | K68: =I68*J68 -> 2000.22 | L68: =I68-K68 -> 1773.78 | M68: =(L68-H68)*100/L68 -> -13.599206 | N68: 4455 | O68: 0.36 | P68: =N68*O68 -> 1603.8 | Q68: =N68-P68 -> 2851.2 | R68: 1 | S68: =MIN(H68,L68,Q68) -> 1773.78 | T68: Global Pharma | U68: =Q68-L68 -> 1077.42 | V68: =U68*D68 -> 32322.6 | W68: =Q68-H68 -> 836.2 | X68: =W68*D68 -> 25086 | Z68: =Q68*D68 -> 85536 | AA68: 80190 | AB68: =L68*D68 -> 53213.4 | AC68: =H68*D68 -> 60450
A69: 67 | B69: 6140071 | C69: GLASS FUNNEL -75mm | D69: 120 | E69: 0 | H69: =E69-G69 -> 0 | I69: 162.5 | J69: 0.53 | K69: =I69*J69 -> 86.125 | L69: =I69-K69 -> 76.375 | M69: =(L69-H69)*100/L69 -> 100 | N69: 175 | O69: 0.36 | P69: =N69*O69 -> 63 | Q69: =N69-P69 -> 112 | R69: 1 | S69: 76.38 | T69: Global Pharma | U69: =Q69-L69 -> 35.625 | V69: =U69*D69 -> 4275 | W69: =Q69-H69 -> 112 | X69: =W69*D69 -> 13440 | Z69: =Q69*D69 -> 13440 | AA69: 12600 | AB69: =L69*D69 -> 9165 | AC69: =H69*D69 -> 0
A70: 68 | B70: 6140057 | C70: GLASS FUNNEL - 25 ML | D70: 20 | E70: 70 | F70: 0.35 | G70: =E70*F70 -> 24.5 | H70: =E70-G70 -> 45.5 | I70: 108.4 | J70: 0.53 | K70: =I70*J70 -> 57.452 | L70: =I70-K70 -> 50.948 | M70: =(L70-H70)*100/L70 -> 10.693256 | N70: 110 | O70: 0.36 | P70: =N70*O70 -> 39.6 | Q70: =N70-P70 -> 70.4 | R70: 1 | S70: =MIN(H70,L70,Q70) -> 45.5 | T70: Santosh Enterprises | U70: =Q70-L70 -> 19.452 | V70: =U70*D70 -> 389.04 | W70: =Q70-H70 -> 24.9 | X70: =W70*D70 -> 498 | Z70: =Q70*D70 -> 1408 | AA70: 1320 | AB70: =L70*D70 -> 1018.96 | AC70: =H70*D70 -> 910
A71: 69 | B71: 6140058 | C71: GLASS FUNNEL - 35 ML | D71: 20 | E71: 90 | F71: 0.35 | G71: =E71*F71 -> 31.5 | H71: =E71-G71 -> 58.5 | I71: 142.8 | J71: 0.53 | K71: =I71*J71 -> 75.684 | L71: =I71-K71 -> 67.116 | M71: =(L71-H71)*100/L71 -> 12.837475 | N71: 140 | O71: 0.36 | P71: =N71*O71 -> 50.4 | Q71: =N71-P71 -> 89.6 | R71: 1 | S71: =MIN(H71,L71,Q71) -> 58.5 | T71: Santosh Enterprises | U71: =Q71-L71 -> 22.484 | V71: =U71*D71 -> 449.68 | W71: =Q71-H71 -> 31.1 | X71: =W71*D71 -> 622 | Z71: =Q71*D71 -> 1792 | AA71: 1680 | AB71: =L71*D71 -> 1342.32 | AC71: =H71*D71 -> 1170
A72: 70 | B72: 9820U06 | C72: TEST TUBES WITHOUT RIM-18x150 | D72: 800 | E72: 0 | H72: =E72-G72 -> 0 | I72: 21.13 | J72: 0.53 | K72: =I72*J72 -> 11.1989 | L72: =I72-K72 -> 9.9311 | M72: =(L72-H72)*100/L72 -> 100 | N72: 22 | O72: 0.36 | P72: =N72*O72 -> 7.92 | Q72: =N72-P72 -> 14.08 | R72: 1 | S72: 9.93 | T72: Global Pharma | U72: =Q72-L72 -> 4.1489 | V72: =U72*D72 -> 3319.12 | W72: =Q72-H72 -> 14.08 | X72: =W72*D72 -> 11264 | Z72: =Q72*D72 -> 11264 | AA72: 10560 | AB72: =L72*D72 -> 7944.88 | AC72: =H72*D72 -> 0
A73: 71 | B73: 9820U11 | C73: TEST TUBES WITHOUT RIM- 38 X 200 MM | D73: 300 | E73: 80 | F73: 0.35 | G73: =E73*F73 -> 28 | H73: =E73-G73 -> 52 | I73: 83.17 | J73: 0.53 | K73: =I73*J73 -> 44.0801 | L73: =I73-K73 -> 39.0899 | M73: =(L73-H73)*100/L73 -> -33.02669 | N73: 80 | O73: 0.36 | P73: =N73*O73 -> 28.8 | Q73: =N73-P73 -> 51.2 | R73: 1 | S73: =MIN(H73,L73,Q73) -> 39.0899 | T73: Global Pharma | U73: =Q73-L73 -> 12.1101 | V73: =U73*D73 -> 3633.03 | W73: =Q73-H73 -> -0.8 | X73: =W73*D73 -> -240 | Z73: =Q73*D73 -> 15360 | AA73: 14400 | AB73: =L73*D73 -> 11726.97 | AC73: =H73*D73 -> 15600
A74: 72 | B74: 1000D18 | C74: BEAKER 150 ML | D74: 50 | E74: 85 | F74: 0.35 | G74: =E74*F74 -> 29.75 | H74: =E74-G74 -> 55.25 | I74: 99.5 | J74: 0.53 | K74: =I74*J74 -> 52.735 | L74: =I74-K74 -> 46.765 | M74: =(L74-H74)*100/L74 -> -18.143911 | N74: 100 | O74: 0.36 | P74: =N74*O74 -> 36 | Q74: =N74-P74 -> 64 | R74: 1 | S74: =MIN(H74,L74,Q74) -> 46.765 | T74: Global Pharma | U74: =Q74-L74 -> 17.235 | V74: =U74*D74 -> 861.75 | W74: =Q74-H74 -> 8.75 | X74: =W74*D74 -> 437.5 | Z74: =Q74*D74 -> 3200 | AA74: 3000 | AB74: =L74*D74 -> 2338.25 | AC74: =H74*D74 -> 2762.5
A75: 73 | B75: 1000D12 | C75: BEAKER 50 ML | D75: 200 | E75: 72 | F75: 0.35 | G75: =E75*F75 -> 25.2 | H75: =E75-G75 -> 46.8 | I75: 96.1 | J75: 0.53 | K75: =I75*J75 -> 50.933 | L75: =I75-K75 -> 45.167 | M75: =(L75-H75)*100/L75 -> -3.6154715 | N75: 100 | O75: 0.36 | P75: =N75*O75 -> 36 | Q75: =N75-P75 -> 64 | R75: 1 | S75: =MIN(H75,L75,Q75) -> 45.167 | T75: Global Pharma | U75: =Q75-L75 -> 18.833 | V75: =U75*D75 -> 3766.6 | W75: =Q75-H75 -> 17.2 | X75: =W75*D75 -> 3440 | Z75: =Q75*D75 -> 12800 | AA75: 12000 | AB75: =L75*D75 -> 9033.4 | AC75: =H75*D75 -> 9360
A76: 74 | B76: 1000D16 | C76: BEAKERS 100 ML | D76: 100 | E76: 78 | F76: 0.35 | G76: =E76*F76 -> 27.3 | H76: =E76-G76 -> 50.7 | I76: 99.5 | J76: 0.53 | K76: =I76*J76 -> 52.735 | L76: =I76-K76 -> 46.765 | M76: =(L76-H76)*100/L76 -> -8.4144125 | N76: 100 | O76: 0.36 | P76: =N76*O76 -> 36 | Q76: =N76-P76 -> 64 | R76: 1 | S76: =MIN(H76,L76,Q76) -> 46.765 | T76: Global Pharma | U76: =Q76-L76 -> 17.235 | V76: =U76*D76 -> 1723.5 | W76: =Q76-H76 -> 13.3 | X76: =W76*D76 -> 1330 | Z76: =Q76*D76 -> 6400 | AA76: 6000 | AB76: =L76*D76 -> 4676.5 | AC76: =H76*D76 -> 5070
A77: 75 | B77: 1000D29 | C77: BEAKERS 1000 ML | D77: 50 | E77: 345 | F77: 0.35 | G77: =E77*F77 -> 120.75 | H77: =E77-G77 -> 224.25 | I77: 353.16 | J77: 0.53 | K77: =I77*J77 -> 187.1748 | L77: =I77-K77 -> 165.9852 | M77: =(L77-H77)*100/L77 -> -35.102407 | N77: 355 | O77: 0.36 | P77: =N77*O77 -> 127.8 | Q77: =N77-P77 -> 227.2 | R77: 1 | S77: =MIN(H77,L77,Q77) -> 165.9852 | T77: Global Pharma | U77: =Q77-L77 -> 61.2148 | V77: =U77*D77 -> 3060.74 | W77: =Q77-H77 -> 2.95 | X77: =W77*D77 -> 147.5 | Z77: =Q77*D77 -> 11360 | AA77: 10650 | AB77: =L77*D77 -> 8299.26 | AC77: =H77*D77 -> 11212.5
A78: 76 | B78: 1000D21 | C78: BEAKERS 250 ML | D78: 50 | E78: 100 | F78: 0.35 | G78: =E78*F78 -> 35 | H78: =E78-G78 -> 65 | I78: 109.5 | J78: 0.53 | K78: =I78*J78 -> 58.035 | L78: =I78-K78 -> 51.465 | M78: =(L78-H78)*100/L78 -> -26.299427 | N78: 110 | O78: 0.36 | P78: =N78*O78 -> 39.6 | Q78: =N78-P78 -> 70.4 | R78: 1 | S78: =MIN(H78,L78,Q78) -> 51.465 | T78: Global Pharma | U78: =Q78-L78 -> 18.935 | V78: =U78*D78 -> 946.75 | W78: =Q78-H78 -> 5.4 | X78: =W78*D78 -> 270 | Z78: =Q78*D78 -> 3520 | AA78: 3300 | AB78: =L78*D78 -> 2573.25 | AC78: =H78*D78 -> 3250
A79: 77 | B79: 4980021 | C79: CONICAL FLASK 250 ML | D79: 22 | E79: 142 | F79: 0.35 | G79: =E79*F79 -> 49.7 | H79: =E79-G79 -> 92.3 | I79: 174.1 | J79: 0.53 | K79: =I79*J79 -> 92.273 | L79: =I79-K79 -> 81.827 | M79: =(L79-H79)*100/L79 -> -12.798954 | N79: 175 | O79: 0.36 | P79: =N79*O79 -> 63 | Q79: =N79-P79 -> 112 | R79: 1 | S79: =MIN(H79,L79,Q79) -> 81.827 | T79: Global Pharma | U79: =Q79-L79 -> 30.173 | V79: =U79*D79 -> 663.806 | W79: =Q79-H79 -> 19.7 | X79: =W79*D79 -> 433.4 | Z79: =Q79*D79 -> 2464 | AA79: 2310 | AB79: =L79*D79 -> 1800.194 | AC79: =H79*D79 -> 2030.6
A80: 78 | B80: 1500029 | C80: GLASS BOTTLE (1 LIT) | D80: 20 | E80: 660 | F80: 0.35 | G80: =E80*F80 -> 231 | H80: =E80-G80 -> 429 | I80: 691.5 | J80: 0.53 | K80: =I80*J80 -> 366.495 | L80: =I80-K80 -> 325.005 | M80: =(L80-H80)*100/L80 -> -31.997969 | N80: 865 | O80: 0.36 | P80: =N80*O80 -> 311.4 | Q80: =N80-P80 -> 553.6 | R80: 1 | S80: =MIN(H80,L80,Q80) -> 325.005 | T80: Global Pharma | U80: =Q80-L80 -> 228.595 | V80: =U80*D80 -> 4571.9 | W80: =Q80-H80 -> 124.6 | X80: =W80*D80 -> 2492 | Z80: =Q80*D80 -> 11072 | AA80: 10380 | AB80: =L80*D80 -> 6500.1 | AC80: =H80*D80 -> 8580
A81: 79 | B81: 1500030 | C81: GLASS BOTTLE 2 LTR CAPACITY | D81: 10 | E81: 1120 | F81: 0.35 | G81: =E81*F81 -> 392 | H81: =E81-G81 -> 728 | I81: 1302 | J81: 0.53 | K81: =I81*J81 -> 690.06 | L81: =I81-K81 -> 611.94 | M81: =(L81-H81)*100/L81 -> -18.965912 | N81: 1460 | O81: 0.36 | P81: =N81*O81 -> 525.6 | Q81: =N81-P81 -> 934.4 | R81: 1 | S81: =MIN(H81,L81,Q81) -> 611.94 | T81: Global Pharma | U81: =Q81-L81 -> 322.46 | V81: =U81*D81 -> 3224.6 | W81: =Q81-H81 -> 206.4 | X81: =W81*D81 -> 2064 | Z81: =Q81*D81 -> 9344 | AA81: 8760 | AB81: =L81*D81 -> 6119.4 | AC81: =H81*D81 -> 7280
A82: 80 | B82: 1501021 | C82: GLASS BOTTLE WITH SCREW CAP 250 ML | D82: 120 | E82: 370 | F82: 0.35 | G82: =E82*F82 -> 129.5 | H82: =E82-G82 -> 240.5 | I82: 408 | J82: 0.53 | K82: =I82*J82 -> 216.24 | L82: =I82-K82 -> 191.76 | M82: =(L82-H82)*100/L82 -> -25.417188 | N82: 410 | O82: 0.36 | P82: =N82*O82 -> 147.6 | Q82: =N82-P82 -> 262.4 | R82: 1 | S82: =MIN(H82,L82,Q82) -> 191.76 | T82: Global Pharma | U82: =Q82-L82 -> 70.64 | V82: =U82*D82 -> 8476.8 | W82: =Q82-H82 -> 21.9 | X82: =W82*D82 -> 2628 | Z82: =Q82*D82 -> 31488 | AA82: 29520 | AB82: =L82*D82 -> 23011.2 | AC82: =H82*D82 -> 28860
A83: 81 | B83: 1501024 | C83: GLASS BOTTLES WITH CAP (500 ML CAPACITY) | D83: 10 | E83: 425 | F83: 0.35 | G83: =E83*F83 -> 148.75 | H83: =E83-G83 -> 276.25 | I83: 447.8 | J83: 0.53 | K83: =I83*J83 -> 237.334 | L83: =I83-K83 -> 210.466 | M83: =(L83-H83)*100/L83 -> -31.256355 | N83: 450 | O83: 0.36 | P83: =N83*O83 -> 162 | Q83: =N83-P83 -> 288 | R83: 1 | S83: =MIN(H83,L83,Q83) -> 210.466 | T83: Global Pharma | U83: =Q83-L83 -> 77.534 | V83: =U83*D83 -> 775.34 | W83: =Q83-H83 -> 11.75 | X83: =W83*D83 -> 117.5 | Z83: =Q83*D83 -> 2880 | AA83: 2700 | AB83: =L83*D83 -> 2104.66 | AC83: =H83*D83 -> 2762.5
A84: 82 | B84: 6140065 | C84: GLASS FUNNEL 50MM | D84: 100 | E84: 95 | F84: 0.35 | G84: =E84*F84 -> 33.25 | H84: =E84-G84 -> 61.75 | I84: 142.8 | J84: 0.53 | K84: =I84*J84 -> 75.684 | L84: =I84-K84 -> 67.116 | M84: =(L84-H84)*100/L84 -> 7.9951129 | N84: 145 | O84: 0.36 | P84: =N84*O84 -> 52.2 | Q84: =N84-P84 -> 92.8 | R84: 1 | S84: =MIN(H84,L84,Q84) -> 61.75 | T84: Santosh Enterprises | U84: =Q84-L84 -> 25.684 | V84: =U84*D84 -> 2568.4 | W84: =Q84-H84 -> 31.05 | X84: =W84*D84 -> 3105 | Z84: =Q84*D84 -> 9280 | AA84: 8700 | AB84: =L84*D84 -> 6711.6 | AC84: =H84*D84 -> 6175
A85: 83 | B85: 6140071 | C85: GLASS FUNNEL 75 MM | D85: 190 | E85: 120 | F85: 0.35 | G85: =E85*F85 -> 42 | H85: =E85-G85 -> 78 | I85: 162.5 | J85: 0.53 | K85: =I85*J85 -> 86.125 | L85: =I85-K85 -> 76.375 | M85: =(L85-H85)*100/L85 -> -2.1276596 | N85: 165 | O85: 0.36 | P85: =N85*O85 -> 59.4 | Q85: =N85-P85 -> 105.6 | R85: 1 | S85: =MIN(H85,L85,Q85) -> 76.375 | T85: Global Pharma | U85: =Q85-L85 -> 29.225 | V85: =U85*D85 -> 5552.75 | W85: =Q85-H85 -> 27.6 | X85: =W85*D85 -> 5244 | Z85: =Q85*D85 -> 20064 | AA85: 18810 | AB85: =L85*D85 -> 14511.25 | AC85: =H85*D85 -> 14820
A86: 84 | B86: 3021029 | C86: MEASURING CYLINDER 1000 ML | D86: 106 | E86: 1800 | F86: 0.35 | G86: =E86*F86 -> 630 | H86: =E86-G86 -> 1170 | I86: 2617 | J86: 0.53 | K86: =I86*J86 -> 1387.01 | L86: =I86-K86 -> 1229.99 | M86: =(L86-H86)*100/L86 -> 4.8772754 | N86: 2520 | O86: 0.36 | P86: =N86*O86 -> 907.2 | Q86: =N86-P86 -> 1612.8 | R86: 1 | S86: =MIN(H86,L86,Q86) -> 1170 | T86: Global Pharma | U86: =Q86-L86 -> 382.81 | V86: =U86*D86 -> 40577.86 | W86: =Q86-H86 -> 442.8 | X86: =W86*D86 -> 46936.8 | Z86: =Q86*D86 -> 170956.8 | AA86: 160272 | AB86: =L86*D86 -> 130378.94 | AC86: =H86*D86 -> 124020
A87: 85 | B87: 3021024 | C87: MEASURING CYLINDER 500 ML | D87: 10 | E87: 1400 | F87: 0.35 | G87: =E87*F87 -> 490 | H87: =E87-G87 -> 910 | I87: 2088.5 | J87: 0.53 | K87: =I87*J87 -> 1106.905 | L87: =I87-K87 -> 981.595 | M87: =(L87-H87)*100/L87 -> 7.2937413 | N87: 2065 | O87: 0.36 | P87: =N87*O87 -> 743.4 | Q87: =N87-P87 -> 1321.6 | R87: 1 | S87: =MIN(H87,L87,Q87) -> 910 | T87: Santosh Enterprises | U87: =Q87-L87 -> 340.005 | V87: =U87*D87 -> 3400.05 | W87: =Q87-H87 -> 411.6 | X87: =W87*D87 -> 4116 | Z87: =Q87*D87 -> 13216 | AA87: 12390 | AB87: =L87*D87 -> 9815.95 | AC87: =H87*D87 -> 9100
A88: 86 | B88: 3021030 | C88: MEASURING CYLINDER 2000 ML | D88: 20 | E88: 3750 | F88: 0.35 | G88: =E88*F88 -> 1312.5 | H88: =E88-G88 -> 2437.5 | I88: 4823 | J88: 0.53 | K88: =I88*J88 -> 2556.19 | L88: =I88-K88 -> 2266.81 | M88: =(L88-H88)*100/L88 -> -7.529965 | N88: 4900 | O88: 0.36 | P88: =N88*O88 -> 1764 | Q88: =N88-P88 -> 3136 | R88: 1 | S88: =MIN(H88,L88,Q88) -> 2266.81 | T88: Global Pharma | U88: =Q88-L88 -> 869.19 | V88: =U88*D88 -> 17383.8 | W88: =Q88-H88 -> 698.5 | X88: =W88*D88 -> 13970 | Z88: =Q88*D88 -> 62720 | AA88: 58800 | AB88: =L88*D88 -> 45336.2 | AC88: =H88*D88 -> 48750
A89: 87 | B89: 3021030 | C89: MEASURING CYLINDER-2000ML | D89: 22 | E89: 3750 | F89: 0.35 | G89: =E89*F89 -> 1312.5 | H89: =E89-G89 -> 2437.5 | I89: 4823 | J89: 0.53 | K89: =I89*J89 -> 2556.19 | L89: =I89-K89 -> 2266.81 | M89: =(L89-H89)*100/L89 -> -7.529965 | N89: 4900 | O89: 0.36 | P89: =N89*O89 -> 1764 | Q89: =N89-P89 -> 3136 | R89: 1 | S89: =MIN(H89,L89,Q89) -> 2266.81 | T89: Global Pharma | U89: =Q89-L89 -> 869.19 | V89: =U89*D89 -> 19122.18 | W89: =Q89-H89 -> 698.5 | X89: =W89*D89 -> 15367 | Z89: =Q89*D89 -> 68992 | AA89: 64680 | AB89: =L89*D89 -> 49869.82 | AC89: =H89*D89 -> 53625
A90: 88 | B90: 3021012 | C90: MEASURING CYLINDER-50 ML | D90: 82 | E90: 485 | F90: 0.35 | G90: =E90*F90 -> 169.75 | H90: =E90-G90 -> 315.25 | I90: 988.5 | J90: 0.53 | K90: =I90*J90 -> 523.905 | L90: =I90-K90 -> 464.595 | M90: =(L90-H90)*100/L90 -> 32.145202 | N90: 885 | O90: 0.36 | P90: =N90*O90 -> 318.6 | Q90: =N90-P90 -> 566.4 | R90: 1 | S90: =MIN(H90,L90,Q90) -> 315.25 | T90: Santosh Enterprises | U90: =Q90-L90 -> 101.805 | V90: =U90*D90 -> 8348.01 | W90: =Q90-H90 -> 251.15 | X90: =W90*D90 -> 20594.3 | Z90: =Q90*D90 -> 46444.8 | AA90: 43542 | AB90: =L90*D90 -> 38096.79 | AC90: =H90*D90 -> 25850.5
... A119: 117 | B119: 5655009 | C119: VOLUMETRIC FLASK 25 ML AMBER | D119: 204 | E119: 520 | F119: 0.35 | G119: =E119*F119 -> 182 | H119: =E119-G119 -> 338 | I119: 1067 | J119: 0.53 | K119: =I119*J119 -> 565.51 | L119: =I119-K119 -> 501.49 | M119: =(L119-H119)*100/L119 -> 32.600849 | N119: 1080 | O119: 0.36 | P119: =N119*O119 -> 388.8 | Q119: =N119-P119 -> 691.2 | R119: 1 | S119: =MIN(H119,L119,Q119) -> 338 | T119: Santosh Enterprises | U119: =Q119-L119 -> 189.71 | V119: =U119*D119 -> 38700.84 | W119: =Q119-H119 -> 353.2 | X119: =W119*D119 -> 72052.8 | Z119: =Q119*D119 -> 141004.8 | AA119: 132192 | AB119: =L119*D119 -> 102303.96 | AC119: =H119*D119 -> 68952
A120: 118 | B120: 3180072 | C120: EVAPORATING DISHES 80 X 45 MM | D120: 70 | E120: 345 | F120: 0.35 | G120: =E120*F120 -> 120.75 | H120: =E120-G120 -> 224.25 | K120: =I120*J120 -> 0 | L120: =I120-K120 -> 0 | N120: 495 | O120: 0.36 | P120: =N120*O120 -> 178.2 | Q120: =N120-P120 -> 316.8 | R120: 1 | S120: 224.25 | T120: Santosh Enterprises | U120: =Q120-L120 -> 316.8 | V120: =U120*D120 -> 22176 | W120: =Q120-H120 -> 92.55 | X120: =W120*D120 -> 6478.5 | Z120: =Q120*D120 -> 22176 | AA120: 20790 | AB120: =L120*D120 -> 0 | AC120: =H120*D120 -> 15697.5
A121: 119 | B121: 5645030 | C121: VOLUMETRIC FLASK 2000 ML | D121: 21 | E121: 2700 | F121: 0.35 | G121: =E121*F121 -> 945 | H121: =E121-G121 -> 1755 | I121: 3151 | J121: 0.53 | K121: =I121*J121 -> 1670.03 | L121: =I121-K121 -> 1480.97 | M121: =(L121-H121)*100/L121 -> -18.503413 | N121: 3670 | O121: 0.36 | P121: =N121*O121 -> 1321.2 | Q121: =N121-P121 -> 2348.8 | R121: 1 | S121: =MIN(H121,L121,Q121) -> 1480.97 | T121: Global Pharma | U121: =Q121-L121 -> 867.83 | V121: =U121*D121 -> 18224.43 | W121: =Q121-H121 -> 593.8 | X121: =W121*D121 -> 12469.8 | Z121: =Q121*D121 -> 49324.8 | AA121: 46242 | AB121: =L121*D121 -> 31100.37 | AC121: =H121*D121 -> 36855
A122: 120 | B122: 4100021 | C122: FLAT BOTTOM FLASK 250 ML CODE : 4100021 | D122: 5 | E122: 160 | F122: 0.35 | G122: =E122*F122 -> 56 | H122: =E122-G122 -> 104 | I122: 174.1 | J122: 0.53 | K122: =I122*J122 -> 92.273 | L122: =I122-K122 -> 81.827 | M122: =(L122-H122)*100/L122 -> -27.097413 | N122: 290 | O122: 0.36 | P122: =N122*O122 -> 104.4 | Q122: =N122-P122 -> 185.6 | R122: 1 | S122: =MIN(H122,L122,Q122) -> 81.827 | T122: Global Pharma | U122: =Q122-L122 -> 103.773 | V122: =U122*D122 -> 518.865 | W122: =Q122-H122 -> 81.6 | X122: =W122*D122 -> 408 | Z122: =Q122*D122 -> 928 | AA122: 870 | AB122: =L122*D122 -> 409.135 | AC122: =H122*D122 -> 520
A123: 121 | B123: 7101001 | C123: VOLUMETRIC PIPETTE1,ml | D123: 33 | E123: 0 | H123: =E123-G123 -> 0 | I123: 399.1 | J123: 0.53 | K123: =I123*J123 -> 211.523 | L123: =I123-K123 -> 187.577 | M123: =(L123-H123)*100/L123 -> 100 | N123: 415 | O123: 0.36 | P123: =N123*O123 -> 149.4 | Q123: =N123-P123 -> 265.6 | R123: 1 | S123: 187.58 | T123: Global Pharma | U123: =Q123-L123 -> 78.023 | V123: =U123*D123 -> 2574.759 | W123: =Q123-H123 -> 265.6 | X123: =W123*D123 -> 8764.8 | Z123: =Q123*D123 -> 8764.8 | AA123: 8217 | AB123: =L123*D123 -> 6190.041 | AC123: =H123*D123 -> 0
A124: 122 | B124: 7101002 | C124: BULB PIPETTE 2 ML | D124: 49 | E124: 230 | F124: 0.35 | G124: =E124*F124 -> 80.5 | H124: =E124-G124 -> 149.5 | I124: 448.2 | J124: 0.53 | K124: =I124*J124 -> 237.546 | L124: =I124-K124 -> 210.654 | M124: =(L124-H124)*100/L124 -> 29.030543 | N124: 465 | O124: 0.36 | P124: =N124*O124 -> 167.4 | Q124: =N124-P124 -> 297.6 | R124: 1 | S124: =MIN(H124,L124,Q124) -> 149.5 | T124: Santosh Enterprises | U124: =Q124-L124 -> 86.946 | V124: =U124*D124 -> 4260.354 | W124: =Q124-H124 -> 148.1 | X124: =W124*D124 -> 7256.9 | Z124: =Q124*D124 -> 14582.4 | AA124: 13671 | AB124: =L124*D124 -> 10322.046 | AC124: =H124*D124 -> 7325.5
A125: 123 | B125: 7101003 | C125: BULB PIPETTE 3 ML | D125: 22 | E125: 250 | F125: 0.35 | G125: =E125*F125 -> 87.5 | H125: =E125-G125 -> 162.5 | I125: 473.5 | J125: 0.53 | K125: =I125*J125 -> 250.955 | L125: =I125-K125 -> 222.545 | M125: =(L125-H125)*100/L125 -> 26.98106 | N125: 490 | O125: 0.36 | P125: =N125*O125 -> 176.4 | Q125: =N125-P125 -> 313.6 | R125: 1 | S125: =MIN(H125,L125,Q125) -> 162.5 | T125: Santosh Enterprises | U125: =Q125-L125 -> 91.055 | V125: =U125*D125 -> 2003.21 | W125: =Q125-H125 -> 151.1 | X125: =W125*D125 -> 3324.2 | Z125: =Q125*D125 -> 6899.2 | AA125: 6468 | AB125: =L125*D125 -> 4895.99 | AC125: =H125*D125 -> 3575
A126: 124 | B126: 7101003 | C126: BULB PIPETTE 4ML | D126: 22 | E126: 250 | F126: 0.35 | G126: =E126*F126 -> 87.5 | H126: =E126-G126 -> 162.5 | I126: 473.5 | J126: 0.53 | K126: =I126*J126 -> 250.955 | L126: =I126-K126 -> 222.545 | M126: =(L126-H126)*100/L126 -> 26.98106 | N126: 490 | O126: 0.36 | P126: =N126*O126 -> 176.4 | Q126: =N126-P126 -> 313.6 | R126: 1 | S126: =MIN(H126,L126,Q126) -> 162.5 | T126: Santosh Enterprises | U126: =Q126-L126 -> 91.055 | V126: =U126*D126 -> 2003.21 | W126: =Q126-H126 -> 151.1 | X126: =W126*D126 -> 3324.2 | Z126: =Q126*D126 -> 6899.2 | AA126: 6468 | AB126: =L126*D126 -> 4895.99 | AC126: =H126*D126 -> 3575
A127: 125 | B127: 2121009 | C127: BURETTE 25 ML | D127: 5 | E127: 950 | F127: 0.35 | G127: =E127*F127 -> 332.5 | H127: =E127-G127 -> 617.5 | I127: 4468 | J127: 0.53 | K127: =I127*J127 -> 2368.04 | L127: =I127-K127 -> 2099.96 | M127: =(L127-H127)*100/L127 -> 70.594678 | N127: 2320 | O127: 0.36 | P127: =N127*O127 -> 835.2 | Q127: =N127-P127 -> 1484.8 | R127: 1 | S127: =MIN(H127,L127,Q127) -> 617.5 | T127: Santosh Enterprises | U127: =Q127-L127 -> -615.16 | V127: =U127*D127 -> -3075.8 | W127: =Q127-H127 -> 867.3 | X127: =W127*D127 -> 4336.5 | Z127: =Q127*D127 -> 7424 | AA127: 6960 | AB127: =L127*D127 -> 10499.8 | AC127: =H127*D127 -> 3087.5
A128: 126 | B128: 2121012 | C128: BURETTE 50ML | D128: 2 | E128: 1000 | F128: 0.35 | G128: =E128*F128 -> 350 | H128: =E128-G128 -> 650 | I128: 5096 | J128: 0.53 | K128: =I128*J128 -> 2700.88 | L128: =I128-K128 -> 2395.12 | M128: =(L128-H128)*100/L128 -> 72.861485 | N128: 2640 | O128: 0.36 | P128: =N128*O128 -> 950.4 | Q128: =N128-P128 -> 1689.6 | R128: 1 | S128: =MIN(H128,L128,Q128) -> 650 | T128: Santosh Enterprises | U128: =Q128-L128 -> -705.52 | V128: =U128*D128 -> -1411.04 | W128: =Q128-H128 -> 1039.6 | X128: =W128*D128 -> 2079.2 | Z128: =Q128*D128 -> 3379.2 | AA128: 3168 | AB128: =L128*D128 -> 4790.24 | AC128: =H128*D128 -> 1300
A129: 127 | B129: 3021006 | C129: GLASS MEASURING CYLINDER 10 ML | D129: 27 | E129: 400 | F129: 0.35 | G129: =E129*F129 -> 140 | H129: =E129-G129 -> 260 | I129: 719 | J129: 0.53 | K129: =I129*J129 -> 381.07 | L129: =I129-K129 -> 337.93 | M129: =(L129-H129)*100/L129 -> 23.060989 | N129: 635 | O129: 0.36 | P129: =N129*O129 -> 228.6 | Q129: =N129-P129 -> 406.4 | R129: 1 | S129: =MIN(H129,L129,Q129) -> 260 | T129: Santosh Enterprises | U129: =Q129-L129 -> 68.47 | V129: =U129*D129 -> 1848.69 | W129: =Q129-H129 -> 146.4 | X129: =W129*D129 -> 3952.8 | Z129: =Q129*D129 -> 10972.8 | AA129: 10287 | AB129: =L129*D129 -> 9124.11 | AC129: =H129*D129 -> 7020
A130: 128 | B130: 3021021 | C130: GLASS MEASURING CYLINDER 250 ML | D130: 4 | E130: 890 | F130: 0.35 | G130: =E130*F130 -> 311.5 | H130: =E130-G130 -> 578.5 | I130: 1587 | J130: 0.53 | K130: =I130*J130 -> 841.11 | L130: =I130-K130 -> 745.89 | M130: =(L130-H130)*100/L130 -> 22.441647 | N130: 1480 | O130: 0.36 | P130: =N130*O130 -> 532.8 | Q130: =N130-P130 -> 947.2 | R130: 1 | S130: =MIN(H130,L130,Q130) -> 578.5 | T130: Santosh Enterprises | U130: =Q130-L130 -> 201.31 | V130: =U130*D130 -> 805.24 | W130: =Q130-H130 -> 368.7 | X130: =W130*D130 -> 1474.8 | Z130: =Q130*D130 -> 3788.8 | AA130: 3552 | AB130: =L130*D130 -> 2983.56 | AC130: =H130*D130 -> 2314
A131: 129 | B131: 7200002 | C131: GLASS SCOOP 2ml | D131: 9 | E131: 0 | H131: =E131-G131 -> 0 | I131: 246.1 | J131: 0.53 | K131: =I131*J131 -> 130.433 | L131: =I131-K131 -> 115.667 | M131: =(L131-H131)*100/L131 -> 100 | N131: 255 | O131: 0.36 | P131: =N131*O131 -> 91.8 | Q131: =N131-P131 -> 163.2 | R131: 1 | S131: 115.67 | T131: Global Pharma | U131: =Q131-L131 -> 47.533 | V131: =U131*D131 -> 427.797 | W131: =Q131-H131 -> 163.2 | X131: =W131*D131 -> 1468.8 | Z131: =Q131*D131 -> 1468.8 | AA131: 1377 | AB131: =L131*D131 -> 1041.003 | AC131: =H131*D131 -> 0
A132: 130 | B132: 3021016 | C132: MEASURING CYLINDER -100 ML | D132: 4 | E132: 600 | F132: 0.35 | G132: =E132*F132 -> 210 | H132: =E132-G132 -> 390 | I132: 1090.5 | J132: 0.53 | K132: =I132*J132 -> 577.965 | L132: =I132-K132 -> 512.535 | M132: =(L132-H132)*100/L132 -> 23.907636 | N132: 1005 | O132: 0.36 | P132: =N132*O132 -> 361.8 | Q132: =N132-P132 -> 643.2 | R132: 1 | S132: =MIN(H132,L132,Q132) -> 390 | T132: Santosh Enterprises | U132: =Q132-L132 -> 130.665 | V132: =U132*D132 -> 522.66 | W132: =Q132-H132 -> 253.2 | X132: =W132*D132 -> 1012.8 | Z132: =Q132*D132 -> 2572.8 | AA132: 2412 | AB132: =L132*D132 -> 2050.14 | AC132: =H132*D132 -> 1560
A133: 131 | B133: 3021009 | C133: MEASURING CYLINDER-25ML | D133: 17 | E133: 425 | F133: 0.35 | G133: =E133*F133 -> 148.75 | H133: =E133-G133 -> 276.25 | I133: 828.5 | J133: 0.53 | K133: =I133*J133 -> 439.105 | L133: =I133-K133 -> 389.395 | M133: =(L133-H133)*100/L133 -> 29.056613 | N133: 730 | O133: 0.36 | P133: =N133*O133 -> 262.8 | Q133: =N133-P133 -> 467.2 | R133: 1 | S133: =MIN(H133,L133,Q133) -> 276.25 | T133: Santosh Enterprises | U133: =Q133-L133 -> 77.805 | V133: =U133*D133 -> 1322.685 | W133: =Q133-H133 -> 190.95 | X133: =W133*D133 -> 3246.15 | Z133: =Q133*D133 -> 7942.4 | AA133: 7446 | AB133: =L133*D133 -> 6619.715 | AC133: =H133*D133 -> 4696.25
...
